Id_emp;Name;Last_name;Birth_date;Gender;Area;Salary;EMAIL;Finish_date;Finish_time
00-0037846;Kimmy;Walczynski;04/06/1991;Male;Engineering;77719;Kimmy_Wa.H@consulting.com;NULL;
00-0041533;Ignatius;Springett;29/06/1984;Male;Business Development;135189;Ignatius_Sp.H@consulting.com;NULL;
00-0045747;Corbie;Bittlestone;29/07/1989;Male;Sales;122484;Corbie_Bi.R@consulting.com;NULL;
00-0055274;Baxy;Matton;14/09/1982;Female;Services;82100;Baxy_Ma.H@consulting.com;NULL;
00-0076100;Terrell;Suff;11/04/1994;Female;Product Management;114648;Terrell_Su.R@consulting.com;29/10/2029;6:09:38
00-0363185;Sandro;Admans;19/11/1979;Male;Product Management;174195;Sandro_Ad.R@consulting.com;NULL;
00-0380704;Eugene;Lehrahan;14/10/1988;Female;Engineering;66031;Eugene_Le.R@consulting.com;NULL;
00-0381660;Wainwright;Corfield;13/12/1996;Male;Engineering;164055;Wainwright_Co.H@consulting.com;05/12/2008;1:21:48
00-0472287;Grantley;Oret;06/09/1975;Male;Services;166001;Grantley_Or.R@consulting.com;NULL;
00-0472832;Elmore;Worner;07/01/1966;Female;Engineering;117567;Elmore_Wo.R@consulting.com;NULL;
00-0566380;Dud;Brain;17/03/1984;Male;Business Development;150237;Dud_Br.H@consulting.com;NULL;
00-0571075;Aguie;Conford;02/11/1971;Male;Business Development;174698;Aguie_Co.R@consulting.com;NULL;
00-0624189;Katerina;Rosborough;20/08/1967;Male;Engineering;124803;Katerina_Ro.R@consulting.com;NULL;
00-0715212;Alida;Longley;28/01/1973;Female;Accounting;156904;Alida_Lo.H@consulting.com;NULL;
00-0755645;Laraine;Petre;11/05/1967;Male;Engineering;140626;Laraine_Pe.R@consulting.com;NULL;
00-0778934;Gareth;MacCook;21/02/1987;Female;Legal;107742;Gareth_Ma.R@consulting.com;NULL;
00-0794247;Scottie;Chestney;23/02/1972;Female;Engineering;90315;Scottie_Ch.R@consulting.com;NULL;
00-0948136;Christophorus;Boseley;23/05/1983;Female;Marketing;124809;Christophorus_Bo.R@consulting.com;NULL;
00-0971612;Arleyne;Froome;01/08/1999;Male;Engineering;137597;Arleyne_Fr.R@consulting.com;NULL;
00-1051096;Todd;Cashen;19/06/1999;Female;Accounting;115695;Todd_Ca.R@consulting.com;NULL;
00-1052230;Elmo;McNee;16/12/1988;Female;Services;78418;Elmo_Mc.R@consulting.com;22/05/2006;20:14:26
00-1189819;Rudolf;Reichardt;05/06/1979;Male;Business Development;97134;Rudolf_Re.H@consulting.com;25/02/2022;3:21:03
00-1268049;Fay;Monnelly;09/07/1966;Male;Engineering;111994;Fay_Mo.H@consulting.com;21/03/2030;3:56:25
00-1418617;Nefen;Russan;18/02/1997;Female;Training;120834;Nefen_Ru.R@consulting.com;NULL;
00-1451930;Woodie;Hayhow;18/01/1995;Female;Engineering;170827;Woodie_Ha.R@consulting.com;NULL;
00-1485605;"L;urette";Stango;13/04/1991;Male;Training;124715;"L;urette_St.H@consulting.com";NULL;
00-1499371;Claude;Ales0;29/04/1984;Female;Sales;126534;Claude_Al.R@consulting.com;NULL;
00-1557949;Virginia;Teligin;25/12/1982;Female;Engineering;119752;Virginia_Te.H@consulting.com;NULL;
00-1695354;Starr;Yitzhok;11/04/1998;Female;Training;99040;Starr_Yi.R@consulting.com;NULL;
00-1722938;Perla;Durrand;11/03/1976;Male;Sales;178809;Perla_Du.R@consulting.com;10/01/2023;0:20:48
00-1735797;Hobart;Bertrand;22/03/1997;Female;Business Development;129612;Hobart_Be.H@consulting.com;NULL;
00-1792130;Nobe;Leathe;23/07/1993;Male;Engineering;174045;Nobe_Le.R@consulting.com;07/12/2024;2:16:22
00-1861400;Ninnette;Batter;11/03/1993;Male;Business Development;152349;Ninnette_Ba.R@consulting.com;NULL;
00-1877605;Bibbie;Matteoli;18/06/1997;Male;Support;74632;Bibbie_Ma.R@consulting.com;02/03/2024;16:38:02
00-1954462;Marcel;Fowkes;18/06/1993;Male;Accounting;123127;Marcel_Fo.R@consulting.com;NULL;
00-1957612;Artus;Cawcutt;28/02/1970;Female;Services;110278;Artus_Ca.R@consulting.com;01/08/2012;16:03:54
00-2209303;Edeline;Painten;16/03/1978;Male;Services;172415;Edeline_Pa.R@consulting.com;NULL;
00-2228674;Meggi;Mc Ilory;09/09/1987;Male;Training;152355;Meggi_Mc.R@consulting.com;NULL;
00-2229651;Giordano;Muckian;21/08/1984;Female;Business Development;126833;Giordano_Mu.H@consulting.com;NULL;
00-2260658;Nickolas;Coopey;21/05/1978;Male;Support;135192;Nickolas_Co.H@consulting.com;NULL;
00-2301130;Corrina;Blooman;19/10/1971;Female;Services;155224;Corrina_Bl.H@consulting.com;NULL;
00-2334565;Odey;Brough;19/12/1992;Male;Engineering;143824;Odey_Br.H@consulting.com;NULL;
00-2367299;Lenka;Astridge;01/12/2000;Male;Human Resources;134657;Lenka_As.H@consulting.com;NULL;
00-2509034;Gunar;Dinkin;27/11/1988;Male;Training;109088;Gunar_Di.H@consulting.com;NULL;
00-2607971;Gale;Dreossi;16/06/1972;Male;Auditing;74124;Gale_Dr.R@consulting.com;01/07/2018;3:10:13
00-2682864;Bil;Wanden;28/06/1982;Male;Engineering;101508;Bil_Wa.R@consulting.com;NULL;
00-2704725;Ronda;Dictus;28/11/1975;Female;Training;139256;Ronda_Di.R@consulting.com;NULL;
00-2709445;Loree;Neno;16/01/1977;Female;Research and Development;87404;Loree_Ne.H@consulting.com;NULL;
00-2773154;Teena;Tolan;11/09/1992;Male;Human Resources;88845;Teena_To.R@consulting.com;NULL;
00-2861998;Karine;Seage;07/09/1966;Male;Training;112030;Karine_Se.R@consulting.com;NULL;
00-2874422;Diandra;Bourget;06/04/1971;Male;Human Resources;133999;Diandra_Bo.R@consulting.com;14/01/2015;6:02:41
00-2950779;Hyman;Dancey;23/04/1981;Female;Training;179502;Hyman_Da.H@consulting.com;NULL;
00-3008455;Rourke;Dawkins;26/09/1969;Male;Business Development;81067;Rourke_Da.H@consulting.com;NULL;
00-3020430;Northrup;Arendt;01/12/2001;Male;Services;181268;Northrup_Ar.H@consulting.com;NULL;
00-3030708;Guntar;Arro;22/04/1997;Female;Business Development;147374;Guntar_Ar.R@consulting.com;NULL;
00-3052411;Midge;Orpyne;04/01/1984;Female;Engineering;121893;Midge_Or.H@consulting.com;NULL;
00-3105004;Isador;Crady;08/06/1968;Female;Training;171873;Isador_Cr.R@consulting.com;NULL;
00-3135807;Nichol;Dionisii;28/08/1994;Female;Business Development;153741;Nichol_Di.R@consulting.com;NULL;
00-3138749;Dorey;Diperaus;20/12/1978;Male;Sales;80905;Dorey_Di.R@consulting.com;NULL;
00-3208324;Lanie;Plewes;25/07/1992;Female;Support;103460;Lanie_Pl.H@consulting.com;NULL;
00-3214670;Mahmoud;De L'Isle;04/09/1990;Male;Accounting;97531;Mahmoud_De.H@consulting.com;NULL;
00-3217869;Carlynne;Gouldthorpe;11/04/1968;Female;Accounting;93766;Carlynne_Go.R@consulting.com;NULL;
00-3334414;Modesta;Lanktree;13/02/1997;Female;Engineering;118405;Modesta_La.H@consulting.com;NULL;
00-3341718;Tildie;Ranvoise;13/08/1982;Male;Engineering;92899;Tildie_Ra.R@consulting.com;NULL;
00-3389894;Tallulah;Dowty;26/01/1983;Male;Engineering;75079;Tallulah_Do.R@consulting.com;NULL;
00-3402094;Addie;Coldman;10/07/2002;Female;Engineering;184325;Addie_Co.H@consulting.com;NULL;
00-3457300;Eleanore;Pudner;13/12/1996;Female;Engineering;114513;Eleanore_Pu.R@consulting.com;NULL;
00-3492248;Carlene;Goldwater;19/01/1975;Female;Business Development;66760;Carlene_Go.H@consulting.com;NULL;
00-3597335;Amara;Jacobs;14/06/1982;Male;Sales;86754;Amara_Ja.R@consulting.com;NULL;
00-3679205;Heall;Conville;08/05/1994;Male;Training;93624;Heall_Co.R@consulting.com;NULL;
00-3739286;Jake;Dawdry;26/02/1993;Male;Engineering;147458;Jake_Da.H@consulting.com;NULL;
00-3744044;Maribelle;Bisson;22/06/1998;Female;Training;108538;Maribelle_Bi.H@consulting.com;NULL;
00-3758963;Calypso;Connold;27/09/1984;Female;Business Development;131425;Calypso_Co.H@consulting.com;NULL;
00-3855769;Tanitansy;Fancett;30/05/1995;Female;Human Resources;90354;Tanitansy_Fa.H@consulting.com;NULL;
00-3860994;Allyce;Giacobazzi;04/04/1969;Male;Marketing;100936;Allyce_Gi.R@consulting.com;26/12/2022;2:31:43
00-3964552;Sergei;Glidden;15/02/1996;Male;Product Management;101912;Sergei_Gl.H@consulting.com;NULL;
00-3987484;Chelsy;Clacey;12/09/1991;Female;Training;104211;Chelsy_Cl.H@consulting.com;23/07/2021;5:08:46
00-4202411;Rorie;Rice;13/03/1982;Male;Engineering;114677;Rorie_Ri.H@consulting.com;NULL;
00-4254147;Karel;Gullen;18/12/1993;Male;Sales;95319;Karel_Gu.H@consulting.com;NULL;
00-4259069;Marcela;Bostock;09/01/1979;Male;Engineering;76586;Marcela_Bo.H@consulting.com;NULL;
00-4464648;Agretha;Brunning;15/02/1978;Female;Engineering;105639;Agretha_Br.R@consulting.com;NULL;
00-4481784;Willdon;Pirozzi;28/03/1997;Female;Support;125642;Willdon_Pi.H@consulting.com;NULL;
00-4521988;Paddie;Mallebone;22/11/1967;Male;Human Resources;165021;Paddie_Ma.R@consulting.com;NULL;
00-4585118;Karina;Slocum;19/09/1993;Female;Services;91542;Karina_Sl.H@consulting.com;NULL;
00-4609499;Gun;Heathorn;30/10/1978;Male;Services;119007;Gun_He.H@consulting.com;NULL;
00-4634919;Dario;Renshall;07/01/1971;Female;Accounting;176947;Dario_Re.H@consulting.com;NULL;
00-4767568;Bartholemy;Schutter;27/09/1975;Male;Services;109279;Bartholemy_Sc.R@consulting.com;NULL;
00-4872960;Gamaliel;McRoberts;10/11/1978;Male;Accounting;169540;Gamaliel_Mc.R@consulting.com;NULL;
00-4890880;Demetre;Chaulk;20/03/1977;Male;Sales;178594;Demetre_Ch.R@consulting.com;NULL;
00-4971801;Temple;Banasevich;14/05/1991;Female;Engineering;131359;Temple_Ba.H@consulting.com;NULL;
00-5033764;Gabie;Olivier;25/12/1976;Male;Engineering;155030;Gabie_Ol.H@consulting.com;NULL;
00-5045552;Carlen;Bruhnke;06/08/1990;Male;Engineering;119193;Carlen_Br.R@consulting.com;NULL;
00-5070457;Nathaniel;Coolahan;02/12/1998;Female;Accounting;84675;Nathaniel_Co.R@consulting.com;NULL;
00-5137192;Sarajane;Price;28/01/1970;Male;Accounting;180400;Sarajane_Pr.H@consulting.com;NULL;
00-5155617;Hadria;Pallasch;13/04/1987;Male;Engineering;98277;Hadria_Pa.H@consulting.com;NULL;
00-5175297;Bethina;Mathissen;24/01/1966;Female;Engineering;154164;Bethina_Ma.H@consulting.com;28/03/2012;19:48:37
00-5273292;Philippa;Garrod;14/09/1986;Female;Product Management;110784;Philippa_Ga.H@consulting.com;NULL;
00-5421994;Sile;Schultheiss;23/01/1986;Female;Accounting;103290;Sile_Sc.R@consulting.com;28/10/2021;0:45:49
00-5623981;Roscoe;Swindells;28/04/1979;Female;Accounting;174120;Roscoe_Sw.H@consulting.com;NULL;
00-5649238;Antonietta;Obal;03/11/1977;Male;Engineering;173686;Antonietta_Ob.R@consulting.com;24/06/2008;19:59:00
00-5880378;Dannie;Thornton-Dewhirst;18/10/2000;Female;Accounting;151416;Dannie_Th.R@consulting.com;30/05/2019;7:37:54
00-5909899;Louise;Domingues;26/04/1977;Male;Research and Development;102872;Louise_Do.R@consulting.com;NULL;
00-5917185;Frasquito;Frape;02/08/1972;Male;Engineering;125066;Frasquito_Fr.R@consulting.com;16/08/2012;8:21:32
00-5958157;Marijn;Shotboulte;11/07/1984;Male;Accounting;84983;Marijn_Sh.R@consulting.com;NULL;
00-5965019;Gertrud;Jeavon;11/06/1987;Female;Research and Development;141441;Gertrud_Je.R@consulting.com;NULL;
00-5992394;Gordie;Mariaud;24/07/1990;Male;Accounting;121775;Gordie_Ma.H@consulting.com;NULL;
00-5993032;Corrinne;Very;27/05/1991;Male;Research and Development;86661;Corrinne_Ve.H@consulting.com;23/03/2015;18:00:04
00-6093562;Linoel;Berrecloth;19/07/1973;Male;Engineering;141146;Linoel_Be.H@consulting.com;NULL;
00-6114236;Lucias;Sworder;01/03/1997;Male;Engineering;167127;Lucias_Sw.H@consulting.com;NULL;
00-6163624;Malvina;Mc Grath;12/09/2001;Male;Engineering;129922;Malvina_Mc.H@consulting.com;03/11/2009;1:38:32
00-6252646;Yves;Yurivtsev;19/09/1990;Male;Human Resources;179943;Yves_Yu.R@consulting.com;NULL;
00-6338870;Curtice;Kidgell;14/03/1980;Female;Engineering;67616;Curtice_Ki.R@consulting.com;24/03/2023;22:54:39
00-6460144;Helli;Hothersall;24/01/1990;Male;Engineering;87548;Helli_Ho.R@consulting.com;NULL;
00-6479395;Aura;Steagall;19/07/1978;Male;Accounting;164594;Aura_St.R@consulting.com;23/02/2030;3:54:13
00-6666091;Carly;Everall;25/12/1966;Female;Support;141114;Carly_Ev.R@consulting.com;NULL;
00-6675478;Reginald;Gosker;13/10/1979;Female;Engineering;133844;Reginald_Go.H@consulting.com;NULL;
00-6722855;Kimmi;Moff;08/03/1996;Male;Engineering;146729;Kimmi_Mo.H@consulting.com;NULL;
00-6768311;Adina;Marcq;16/01/1991;Female;Engineering;128676;Adina_Ma.R@consulting.com;NULL;
00-6790860;Enrica;Cohalan;23/01/1994;Female;Engineering;147439;Enrica_Co.H@consulting.com;NULL;
00-6792940;Valera;Hannent;14/02/1993;Male;Engineering;182104;Valera_Ha.H@consulting.com;NULL;
00-6797967;Albrecht;Geffinger;18/01/1980;Female;Sales;171215;Albrecht_Ge.H@consulting.com;NULL;
00-6804149;Orsa;Pafford;25/12/1994;Male;Human Resources;174195;Orsa_Pa.H@consulting.com;NULL;
00-6902222;Pall;Snedker;07/04/1969;Male;Support;115852;Pall_Sn.R@consulting.com;31/01/2014;0:17:22
00-7012064;Maridel;Canario;17/11/1990;Male;Engineering;149261;Maridel_Ca.R@consulting.com;NULL;
00-7043366;Mellie;Hariot;25/11/1983;Female;Engineering;72130;Mellie_Ha.R@consulting.com;NULL;
00-7080550;Stefan;Orht;01/03/1988;Male;Business Development;109170;Stefan_Or.H@consulting.com;NULL;
00-7080839;Bertie;La Batie;04/12/1991;Male;Services;118723;Bertie_La.R@consulting.com;NULL;
00-7102476;Cammy;Bleakman;12/08/1983;Male;Accounting;163199;Cammy_Bl.H@consulting.com;NULL;
00-7374971;Theodor;Perot;11/09/1989;Male;Engineering;141898;Theodor_Pe.R@consulting.com;NULL;
00-7494159;Lu;Larive;13/08/1999;Female;Human Resources;135078;Lu_La.H@consulting.com;03/12/2010;6:19:28
00-7598768;Monte;How to preserve;20/10/1972;Female;Engineering;87788;Monte_Ho.R@consulting.com;NULL;
00-7685590;Emanuele;Scotts;19/10/1986;Male;Engineering;157506;Emanuele_Sc.R@consulting.com;NULL;
00-7693501;Kiley;Ricci;15/03/1972;Female;Training;149623;Kiley_Ri.R@consulting.com;NULL;
00-7726076;Pavel;Corsor;14/02/1976;Female;Services;154864;Pavel_Co.R@consulting.com;NULL;
00-7766529;Nikaniki;Nurdin;28/06/1995;Male;Accounting;68439;Nikaniki_Nu.R@consulting.com;NULL;
00-7800396;Siward;Phelipeaux;29/03/1981;Male;Business Development;115788;Siward_Ph.R@consulting.com;11/01/2016;9:20:25
00-7925080;Chrisy;Risen;23/07/1985;Female;Engineering;175768;Chrisy_Ri.R@consulting.com;05/06/2018;7:01:43
00-8203294;Brianna;Dudin;15/02/1988;Female;Engineering;121704;Brianna_Du.R@consulting.com;NULL;
00-8230593;Sheppard;Klosges;25/10/1992;Male;Product Management;174964;Sheppard_Kl.H@consulting.com;30/12/2017;8:38:51
00-8429312;Shane;Ousbie;12/12/1966;Male;Training;168549;Shane_Ou.H@consulting.com;NULL;
00-8477498;Cammi;Yakebovitch;15/11/1965;Male;Research and Development;176576;Cammi_Ya.H@consulting.com;NULL;
00-8477624;Tomkin;Di Ruggiero;24/10/1993;Male;Sales;109998;Tomkin_Di.R@consulting.com;NULL;
00-8527252;Leanor;Gemnett;31/07/1974;Male;Sales;117267;Leanor_Ge.H@consulting.com;NULL;
00-8536569;Sterling;Prue;28/03/1966;Female;Human Resources;152763;Sterling_Pr.H@consulting.com;23/03/2005;3:58:55
00-8542295;Darius;Birchenough;12/09/1968;Male;Research and Development;109535;Darius_Bi.R@consulting.com;NULL;
00-8571626;Jenn;Whitecross;31/08/1972;Male;Training;81104;Jenn_Wh.H@consulting.com;NULL;
00-8586665;Glenna;Owbrick;01/01/1993;Male;Accounting;150508;Glenna_Ow.R@consulting.com;NULL;
00-8679134;Lindy;Colliver;20/04/1992;Female;Business Development;116568;Lindy_Co.H@consulting.com;NULL;
00-8679430;Lorianna;Mitten;09/10/1971;Female;Accounting;168875;Lorianna_Mi.H@consulting.com;16/11/2018;9:54:34
00-8704487;Lorain;Kibbe;19/06/1983;Female;Accounting;112499;Lorain_Ki.R@consulting.com;NULL;
00-8712138;Gabie;Lawleff;30/08/1968;Female;Training;132408;Gabie_La.R@consulting.com;NULL;
00-8719634;Melanie;Rylands;12/03/1972;Male;Accounting;123177;Melanie_Ry.H@consulting.com;20/07/2031;12:13:53
00-8772885;Thorn;Kidston;15/10/1967;Male;Engineering;95230;Thorn_Ki.H@consulting.com;26/03/2022;6:01:47
00-8842682;Lissi;Copcote;21/01/1993;Female;Engineering;176373;Lissi_Co.H@consulting.com;NULL;
00-8912428;Brana;Gwin;20/05/1979;Male;Accounting;96168;Brana_Gw.H@consulting.com;NULL;
00-8960230;Mohandis;Piecha;04/10/1995;Female;Engineering;170790;Mohandis_Pi.H@consulting.com;NULL;
00-9028931;Caressa;Van Leeuwen;14/07/1976;Female;Engineering;138682;Caressa_Va.H@consulting.com;NULL;
00-9061522;Garrard;Oakenfull;13/06/1996;Male;Sales;141948;Garrard_Oa.R@consulting.com;NULL;
00-9089278;Chrissy;Zamudio;09/03/1987;Male;Services;73289;Chrissy_Za.H@consulting.com;NULL;
00-9125378;Rosie;Denyakin;31/12/1979;Female;Engineering;154987;Rosie_De.R@consulting.com;NULL;
00-9129949;Margery;Darbyshire;07/06/1989;Male;Training;103376;Margery_Da.H@consulting.com;NULL;
00-9148951;Sybilla;Oleszkiewicz;17/10/1970;Female;Accounting;76378;Sybilla_Ol.H@consulting.com;NULL;
00-9220924;Chrysler;Brekonridge;17/12/1979;Male;Engineering;99239;Chrysler_Br.R@consulting.com;NULL;
00-9244844;Roselin;Warke;04/03/1991;Female;Services;105489;Roselin_Wa.R@consulting.com;NULL;
00-9248315;Lettie;Shute;02/05/1981;Female;Engineering;157248;Lettie_Sh.H@consulting.com;NULL;
00-9256735;Alphonse;Horsewood;06/03/1997;Female;Engineering;123684;Alphonse_Ho.R@consulting.com;NULL;
00-9261338;Sharline;Andrzej;17/01/1974;Male;Accounting;158433;Sharline_An.R@consulting.com;NULL;
00-9351773;Liesa;Melling;16/05/1997;Female;Auditing;166453;Liesa_Me.H@consulting.com;NULL;
00-9358294;Dale;Whitland;04/12/2000;Male;Accounting;142805;Dale_Wh.H@consulting.com;NULL;
00-9378033;Mechelle;Waggatt;08/03/1977;Female;Human Resources;157155;Mechelle_Wa.H@consulting.com;NULL;
00-9436631;Curr;De Biasi;25/01/2000;Female;Business Development;101604;Curr_De.R@consulting.com;NULL;
00-9445290;Audra;Burdus;23/07/1978;Male;Services;101710;Audra_Bu.R@consulting.com;NULL;
00-9477913;Merlina;Laing;02/04/1986;Female;Engineering;152098;Merlina_La.H@consulting.com;NULL;
00-9519379;Lorianna;Hayley;30/05/1993;Male;Engineering;146324;Lorianna_Ha.R@consulting.com;NULL;
00-9624016;Carina;Finan;18/03/1997;Female;Engineering;183905;Carina_Fi.R@consulting.com;NULL;
00-9627775;Nana;Grimme;23/02/1973;Male;Product Management;151834;Nana_Gr.R@consulting.com;NULL;
00-9700945;Zora;Peller;25/09/1980;Male;Accounting;118772;Zora_Pe.R@consulting.com;NULL;
00-9731481;Kelbee;Noni;18/03/1992;Female;Engineering;102047;Kelbee_No.H@consulting.com;06/12/2036;16:11:08
00-9782513;Kerianne;Bault;21/07/1992;Female;Business Development;144361;Kerianne_Ba.R@consulting.com;NULL;
00-9792606;Kalle;Minchindon;21/08/1983;Male;Accounting;77167;Kalle_Mi.H@consulting.com;NULL;
00-9837994;Adam;Tremoille;16/06/1991;Male;Human Resources;141864;Adam_Tr.R@consulting.com;NULL;
00-9880182;Fan;Lockley;27/07/1998;Male;Support;97907;Fan_Lo.H@consulting.com;NULL;
00-9896573;Shae;Avramow;18/09/1967;Female;Human Resources;156913;Shae_Av.R@consulting.com;NULL;
01-0027092;Jock;Aarons;23/12/1988;Female;Engineering;173688;Jock_Aa.R@consulting.com;NULL;
01-0036386;Dion;Sundin;04/09/1971;Female;Human Resources;142629;Dion_Su.R@consulting.com;NULL;
01-0038079;Tierney;Oldknow;24/10/1969;Female;Support;168965;Tierney_Ol.R@consulting.com;NULL;
01-0074905;Robinson;Le Moucheux;10/06/1982;Female;Human Resources;118739;Robinson_Le.H@consulting.com;01/02/2019;16:58:06
01-0169206;Whitney;Garred;10/10/1985;Female;Business Development;167035;Whitney_Ga.H@consulting.com;NULL;
01-0204393;Josephine;Marriot;30/03/2002;Female;Engineering;147302;Josephine_Ma.R@consulting.com;NULL;
01-0280611;Larine;Dreakin;08/07/1983;Male;Engineering;155052;Larine_Dr.H@consulting.com;NULL;
01-0348994;Wainwright;Osban;14/05/1987;Male;Sales;102713;Wainwright_Os.R@consulting.com;NULL;
01-0364885;Orella;Brim;21/04/2000;Male;Human Resources;93546;Orella_Br.H@consulting.com;NULL;
01-0373372;Aldus;Sturr;11/08/1976;Male;Services;184237;Aldus_St.H@consulting.com;NULL;
01-0381181;Merv;Weiss;08/09/1982;Female;Accounting;161942;Merv_We.H@consulting.com;08/08/2019;15:02:56
01-0506260;Ives;Phette;17/11/1988;Male;Human Resources;129518;Ives_Ph.H@consulting.com;NULL;
01-0551724;Moina;Gabby;22/11/1993;Male;Support;119318;Moina_Ga.R@consulting.com;NULL;
01-0586118;Barry;Bryns;24/01/2000;Female;Engineering;138901;Barry_Br.H@consulting.com;NULL;
01-0600294;Susanna;Bushell;26/05/1998;Male;Product Management;69282;Susanna_Bu.H@consulting.com;12/12/2016;3:55:46
01-0645501;Shanon;Fonzone;29/04/2001;Male;Human Resources;173104;Shanon_Fo.H@consulting.com;NULL;
01-0663336;Elisabet;Allchorne;04/09/1979;Male;Sales;145410;Elisabet_Al.H@consulting.com;NULL;
01-0692047;Yorgo;Pywell;05/10/1981;Male;Accounting;156459;Yorgo_Py.R@consulting.com;NULL;
01-0708619;Calvin;Tudor;19/12/1985;Female;Services;105777;Calvin_Tu.H@consulting.com;NULL;
01-0770833;Louise;Spottiswoode;22/02/1993;Male;Sales;146168;Louise_Sp.R@consulting.com;11/02/2028;16:18:48
01-0896141;Richmound;Aust;20/05/1993;Male;Support;122377;Richmound_Au.R@consulting.com;01/06/2030;2:32:46
01-1097895;Sayer;Balcock;08/04/1992;Female;Sales;69554;Sayer_Ba.R@consulting.com;NULL;
01-1147276;Philis;Bayne;02/01/1986;Male;Human Resources;84712;Philis_Ba.R@consulting.com;NULL;
01-1215079;Maribelle;Shankster;02/08/1996;Male;Human Resources;138654;Maribelle_Sh.R@consulting.com;15/01/2025;18:21:59
01-1253052;Dena;Kob;15/12/1985;Male;Accounting;141659;Dena_Ko.H@consulting.com;NULL;
01-1268137;Loreen;Bewicke;24/01/1981;Female;Engineering;108910;Loreen_Be.R@consulting.com;19/07/2017;18:48:18
01-1409605;Cayla;Hubbis;25/05/1975;Female;Product Management;101503;Cayla_Hu.H@consulting.com;NULL;
01-1414652;Cleavland;Dodridge;11/08/1974;Male;Engineering;94617;Cleavland_Do.H@consulting.com;NULL;
01-1504920;Leyla;Stiell;29/01/1995;Female;Training;179568;Leyla_St.R@consulting.com;NULL;
01-1531866;Brier;Mansel;04/11/1991;Male;Business Development;94099;Brier_Ma.R@consulting.com;NULL;
01-1552788;Manon;Sive;12/11/1989;Male;Engineering;133399;Manon_Si.H@consulting.com;NULL;
01-1627226;Clementine;Chatain;13/07/1970;Male;Research and Development;114016;Clementine_Ch.R@consulting.com;NULL;
01-1660610;Xenos;Vallerine;03/09/1972;Female;Training;156861;Xenos_Va.R@consulting.com;15/07/2007;21:30:35
01-1734242;Munmro;Keirl;21/07/1994;Female;Services;106276;Munmro_Ke.H@consulting.com;28/05/2036;8:45:04
01-1814975;Nell;Mepsted;07/06/1984;Male;Services;174117;Nell_Me.H@consulting.com;NULL;
01-1836101;Montague;Snooks;16/08/2001;Male;Services;96615;Montague_Sn.R@consulting.com;NULL;
01-1941908;Sue;Zelake;30/12/1988;Female;Human Resources;112844;Sue_Ze.H@consulting.com;NULL;
01-1960711;Allegra;Drury;02/01/1990;Male;Human Resources;107129;Allegra_Dr.H@consulting.com;NULL;
01-1978400;Janie;Schiefersten;19/08/1992;Female;Human Resources;180553;Janie_Sc.R@consulting.com;NULL;
01-2020198;Piper;Murcutt;28/02/1997;Male;Services;81291;Piper_Mu.R@consulting.com;NULL;
01-2088180;Noemi;Veljes;15/01/1971;Female;Sales;97116;Noemi_Ve.R@consulting.com;NULL;
01-2097413;Hugues;Balog;19/12/1975;Male;Engineering;133393;Hugues_Ba.H@consulting.com;08/04/2010;2:34:32
01-2171203;Darelle;Beall;28/02/1987;Female;Engineering;102355;Darelle_Be.H@consulting.com;NULL;
01-2267883;Gamaliel;Cowsby;03/05/1975;Male;Engineering;84350;Gamaliel_Co.H@consulting.com;NULL;
01-2313150;Bee;Daymond;21/03/1994;Male;Accounting;114767;Bee_Da.R@consulting.com;NULL;
01-2328373;Ced;Grutchfield;10/05/1980;Male;Business Development;69598;Ced_Gr.H@consulting.com;NULL;
01-2355796;Aila;Seares;15/10/1974;Female;Human Resources;113025;Aila_Se.R@consulting.com;NULL;
01-2363709;Yorker;Tritton;19/05/1999;Male;Engineering;176068;Yorker_Tr.H@consulting.com;NULL;
01-2387075;Rubi;Simmins;02/04/1974;Female;Services;136654;Rubi_Si.R@consulting.com;NULL;
01-2451586;Timi;Cunnah;08/11/1994;Female;Business Development;114797;Timi_Cu.H@consulting.com;NULL;
01-2465977;Hube;Simmig;20/08/1981;Male;Product Management;150927;Hube_Si.R@consulting.com;NULL;
01-2470877;Nixie;Very;19/11/1970;Male;Training;137289;Nixie_Ve.R@consulting.com;09/05/2029;0:52:12
01-2541527;Augustina;Bradnam;10/01/1984;Male;Legal;163331;Augustina_Br.R@consulting.com;NULL;
01-2612988;Avigdor;Date;30/04/1999;Female;Human Resources;120702;Avigdor_Da.R@consulting.com;NULL;
01-2630437;Shellysheldon;Wilks;02/10/2001;Female;Business Development;173005;Shellysheldon_Wi.H@consulting.com;NULL;
01-2645802;Samaria;Chalcot;24/09/1969;Female;Human Resources;138784;Samaria_Ch.R@consulting.com;NULL;
01-2689848;Editha;Shimmings;17/03/1968;Male;Engineering;128212;Editha_Sh.H@consulting.com;NULL;
01-2788678;Kaylil;Horning;28/05/1986;Female;Marketing;121218;Kaylil_Ho.H@consulting.com;NULL;
01-2879659;Forrester;Dowden;14/03/1967;Male;Engineering;154281;Forrester_Do.H@consulting.com;NULL;
01-2937041;Hussein;Barff;25/09/1997;Male;Accounting;76381;Hussein_Ba.H@consulting.com;NULL;
01-2960698;Anallise;Ingraham;12/07/1967;Male;Engineering;119826;Anallise_In.H@consulting.com;NULL;
01-3002835;Imojean;Cleaton;20/03/1970;Male;Business Development;178445;Imojean_Cl.R@consulting.com;NULL;
01-3016077;Manny;Cleft;01/11/1965;Male;Engineering;106997;Manny_Cl.R@consulting.com;NULL;
01-3018825;Franzen;Londors;03/12/1967;Female;Sales;126494;Franzen_Lo.R@consulting.com;03/12/2010;2:26:18
01-3233687;Quinlan;Rayson;11/09/1966;Male;Human Resources;78456;Quinlan_Ra.R@consulting.com;NULL;
01-3364844;Lyda;Greaterex;17/02/1980;Male;Human Resources;176676;Lyda_Gr.H@consulting.com;NULL;
01-3541845;Gusella;Tavner;14/04/1994;Male;Research and Development;126058;Gusella_Ta.R@consulting.com;NULL;
01-3665845;Abagael;Wildin;27/12/1971;Female;Sales;128750;Abagael_Wi.H@consulting.com;NULL;
01-3741902;Riki;Purrier;23/11/1979;Male;Business Development;96966;Riki_Pu.H@consulting.com;NULL;
01-3752254;Bryn;Lomb;14/11/1995;Male;Accounting;149590;Bryn_Lo.R@consulting.com;23/04/2025;14:38:19
01-3784389;Fenelia;Ducham;31/03/1966;Male;Services;115046;Fenelia_Du.H@consulting.com;NULL;
01-3900995;Gerome;Lambird;02/06/1992;Male;Training;71888;Gerome_La.H@consulting.com;NULL;
01-3904693;Vanda;Wildber;26/01/1988;Female;Engineering;154982;Vanda_Wi.R@consulting.com;NULL;
01-3920526;Jeffry;Morando;02/03/1998;Female;Accounting;92721;Jeffry_Mo.R@consulting.com;NULL;
01-3950822;Jaquenetta;Otham;15/02/2001;Male;Accounting;158086;Jaquenetta_Ot.R@consulting.com;12/05/2012;11:17:23
01-3999156;Sam;Boyett;12/04/1990;Male;Services;163031;Sam_Bo.H@consulting.com;12/02/2017;21:19:29
01-4149921;Katya;Rannald;01/03/2000;Male;Business Development;129267;Katya_Ra.R@consulting.com;NULL;
01-4227090;Ethelind;Bransdon;28/02/1988;Female;Accounting;81383;Ethelind_Br.H@consulting.com;NULL;
01-4228010;Gertruda;Prudham;20/06/1967;Male;Business Development;141543;Gertruda_Pr.H@consulting.com;NULL;
01-4236217;Melissa;Chazotte;22/12/1998;Male;Human Resources;144553;Melissa_Ch.R@consulting.com;12/01/2015;13:19:53
01-4278390;Godfrey;Mourge;22/09/1972;Female;Engineering;103488;Godfrey_Mo.R@consulting.com;NULL;
01-4278780;Ysabel;Evetts;03/02/1975;Male;Accounting;84817;Ysabel_Ev.R@consulting.com;NULL;
01-4279334;Marya;Gabbotts;23/02/1986;Male;Research and Development;177373;Marya_Ga.H@consulting.com;24/07/2019;21:54:17
01-4335725;Godfrey;Rathe;21/06/1966;Male;Engineering;139387;Godfrey_Ra.R@consulting.com;NULL;
01-4338312;Ricki;Lowde;16/11/1981;Female;Business Development;81628;Ricki_Lo.R@consulting.com;NULL;
01-4377551;Valaree;Jones;22/10/1979;Female;Services;175476;Valaree_Jo.R@consulting.com;NULL;
01-4425713;Jocelyn;Gothrup;04/10/1989;Male;Human Resources;128750;Jocelyn_Go.H@consulting.com;NULL;
01-4458473;Mabelle;Lamping;18/08/2000;Male;Accounting;137771;Mabelle_La.H@consulting.com;NULL;
01-4497883;Brew;Borrott;07/02/1992;Male;Product Management;150533;Brew_Bo.H@consulting.com;NULL;
01-4570713;Dalila;Stobbs;08/11/1977;Male;Engineering;81417;Dalila_St.R@consulting.com;NULL;
01-4613458;Harmonia;McGoon;28/12/1992;Male;Engineering;149426;Harmonia_Mc.H@consulting.com;05/04/2016;20:55:10
01-4659570;Ernest;Hitzschke;20/10/1969;Male;Engineering;164810;Ernest_Hi.R@consulting.com;NULL;
01-4684900;Lalo;O'Hannay;08/07/1996;Male;Engineering;113589;Lalo_O'.H@consulting.com;NULL;
01-4807422;Brina;Gabbetis;29/11/1997;Female;Business Development;88835;Brina_Ga.H@consulting.com;10/12/2017;7:27:44
01-4857076;Goddart;Bramford;26/05/1979;Male;Accounting;132301;Goddart_Br.R@consulting.com;NULL;
01-4886962;Phaedra;Kolczynski;02/02/1991;Female;Training;114461;Phaedra_Ko.R@consulting.com;NULL;
01-4913209;Alexina;Cumesky;03/12/1987;Male;Engineering;88313;Alexina_Cu.R@consulting.com;21/10/2028;7:08:16
01-4984757;Gwynne;Elesander;20/12/1978;Male;Engineering;87646;Gwynne_El.R@consulting.com;28/11/2007;2:00:57
01-5051565;Merrielle;Scottesmoor;20/04/1987;Male;Engineering;77951;Merrielle_Sc.R@consulting.com;17/03/2030;13:45:06
01-5132160;Ruprecht;Leander;11/07/1967;Female;Business Development;149604;Ruprecht_Le.H@consulting.com;NULL;
01-5140944;Clarence;Izakovitz;10/01/2000;Male;Business Development;140943;Clarence_Iz.H@consulting.com;NULL;
01-5188629;Shirline;Sprake;15/02/1969;Male;Product Management;95946;Shirline_Sp.R@consulting.com;08/04/2023;15:09:59
01-5212721;Winnifred;Bartel;15/08/1973;Male;Engineering;182660;Winnifred_Ba.H@consulting.com;NULL;
01-5310504;Kile;Zannolli;07/06/1982;Female;Human Resources;178933;Kile_Za.R@consulting.com;17/07/2028;22:35:07
01-5377792;Udall;Beastall;10/03/1972;Female;Engineering;148130;Udall_Be.R@consulting.com;NULL;
01-5414755;Aksel;Sainte Paul;03/05/1982;Female;Accounting;173862;Aksel_Sa.H@consulting.com;NULL;
01-5439970;Ian;Hens;22/07/1988;Female;Engineering;119267;Ian_He.H@consulting.com;NULL;
01-5511863;Ogden;McGeraghty;15/06/1975;Female;Product Management;77512;Ogden_Mc.H@consulting.com;NULL;
01-5543216;Meghann;McNaughton;18/07/1976;Female;Engineering;148820;Meghann_Mc.R@consulting.com;NULL;
01-5560541;Neil;Spurier;09/10/1982;Male;Support;180805;Neil_Sp.H@consulting.com;15/02/2014;11:48:55
01-5629059;Aggy;Heinzler;10/04/1993;Female;Engineering;154300;Aggy_He.R@consulting.com;NULL;
01-5815328;Jobina;Skillings;31/05/1997;Male;Engineering;107818;Jobina_Sk.R@consulting.com;NULL;
01-5869912;Salvatore;Woodvine;13/12/1985;Female;Human Resources;128023;Salvatore_Wo.R@consulting.com;NULL;
01-5888187;Brooke;Leijs;01/04/1995;Male;Marketing;95382;Brooke_Le.H@consulting.com;NULL;
01-5891249;Jordan;Crust;26/07/1980;Female;Services;172896;Jordan_Cr.H@consulting.com;23/02/2030;12:25:16
01-5945630;Gisella;Iltchev;18/02/1999;Female;Accounting;181518;Gisella_Il.H@consulting.com;05/08/2024;3:16:16
01-6119292;Bran;Goater;29/07/1969;Female;Engineering;162322;Bran_Go.H@consulting.com;NULL;
01-6155654;Milty;Halmkin;30/10/1971;Female;Engineering;68732;Milty_Ha.H@consulting.com;NULL;
01-6192162;Timoteo;Clavey;14/08/1987;Male;Engineering;132640;Timoteo_Cl.R@consulting.com;NULL;
01-6295694;Quintina;Fatkin;19/04/1989;Male;Sales;155477;Quintina_Fa.H@consulting.com;NULL;
01-6312121;Clayborne;Tordiffe;23/12/1993;Male;Business Development;133652;Clayborne_To.R@consulting.com;NULL;
01-6322845;Carlotta;Fogel;24/12/1983;Female;Product Management;105997;Carlotta_Fo.R@consulting.com;NULL;
01-6437411;Jo ann;Deegin;11/02/1978;Male;Engineering;180840;Jo_De.H@consulting.com;NULL;
01-6495249;Colby;Tylor;19/04/1982;Male;Accounting;160673;Colby_Ty.H@consulting.com;NULL;
01-6555347;Brittney;Ivison;15/12/1975;Male;Services;151166;Brittney_Iv.R@consulting.com;NULL;
01-6675581;Adolph;Gannaway;27/12/1968;Male;Human Resources;100852;Adolph_Ga.R@consulting.com;22/09/2036;9:47:23
01-6720875;Madelina;McMurtyr;28/09/1992;Female;Engineering;148970;Madelina_Mc.H@consulting.com;NULL;
01-6820916;Aluino;Hay;15/12/1971;Female;Training;150227;Aluino_Ha.R@consulting.com;NULL;
01-6845961;Darrick;Kimbling;04/09/1967;Female;Engineering;138720;Darrick_Ki.R@consulting.com;25/06/2012;21:54:19
01-7042966;Cassie;Stawell;01/04/1993;Female;Sales;153930;Cassie_St.R@consulting.com;NULL;
01-7115203;Gillian;Dorrell;19/05/1999;Male;Engineering;182357;Gillian_Do.H@consulting.com;NULL;
01-7152335;Harv;Fouracres;20/01/1968;Male;Support;68579;Harv_Fo.R@consulting.com;NULL;
01-7178787;Dyana;Ferrarese;20/09/1969;Male;Training;152623;Dyana_Fe.R@consulting.com;NULL;
01-7201642;Harley;St. Quintin;23/11/1975;Female;Engineering;87050;Harley_St.H@consulting.com;22/03/2026;13:10:14
01-7283521;Lacee;Gotter;22/11/1997;Male;Accounting;104965;Lacee_Go.R@consulting.com;NULL;
01-7306927;Alic;Wilcinskis;29/12/1990;Male;Human Resources;172784;Alic_Wi.H@consulting.com;NULL;
01-7331210;Lisle;Laborde;29/03/1981;Male;Accounting;158307;Lisle_La.H@consulting.com;NULL;
01-7368774;Bil;Lancastle;30/09/1973;Male;Training;119120;Bil_La.H@consulting.com;NULL;
01-7405105;Terrill;Denerley;23/12/1988;Female;Services;128848;Terrill_De.H@consulting.com;19/10/2015;21:15:21
01-7662642;Nolly;Bayston;23/01/1994;Female;Services;164372;Nolly_Ba.H@consulting.com;NULL;
01-7681796;Michael;Girke;28/08/1967;Male;Accounting;120609;Michael_Gi.H@consulting.com;NULL;
01-7713037;Rory;Wentworth;23/12/1979;Male;Sales;83088;Rory_We.R@consulting.com;NULL;
01-7782368;Carlita;Enevold;01/07/2000;Male;Accounting;80034;Carlita_En.H@consulting.com;NULL;
01-7851887;Sorcha;Agget;22/06/1967;Female;Accounting;167529;Sorcha_Ag.R@consulting.com;28/09/2023;2:22:45
01-7897570;Winnie;Sheldon;10/07/1996;Male;Engineering;171890;Winnie_Sh.R@consulting.com;NULL;
01-8019865;Marline;Bailiss;18/04/2002;Male;Engineering;105827;Marline_Ba.H@consulting.com;NULL;
01-8128449;Maryrose;Sinisbury;29/07/1968;Male;Engineering;178905;Maryrose_Si.H@consulting.com;NULL;
01-8146931;Walker;Antognazzi;05/11/1992;Male;Engineering;172210;Walker_An.R@consulting.com;NULL;
01-8334686;Ermentrude;Grogan;12/04/1988;Male;Human Resources;104362;Ermentrude_Gr.R@consulting.com;NULL;
01-8372820;Micky;Chaffey;05/11/1979;Male;Engineering;130726;Micky_Ch.R@consulting.com;NULL;
01-8402838;Abbott;Springham;16/03/1992;Male;Accounting;151323;Abbott_Sp.H@consulting.com;NULL;
01-8524782;Benedick;Wann;22/04/1983;Male;Engineering;122766;Benedick_Wa.R@consulting.com;NULL;
01-8526961;Kiley;McCarry;31/07/1982;Male;Training;132522;Kiley_Mc.R@consulting.com;NULL;
01-8540361;Rodi;McBeath;06/01/1969;Male;Services;128491;Rodi_Mc.H@consulting.com;01/02/2028;2:56:47
01-8615912;Lovell;Nolton;03/04/1977;Male;Accounting;92033;Lovell_No.H@consulting.com;NULL;
01-8623808;Caryl;Dodshun;03/12/1974;Female;Training;119316;Caryl_Do.H@consulting.com;NULL;
01-8636615;Kali;Duffield;17/05/1979;Male;Support;72343;Kali_Du.R@consulting.com;NULL;
01-8651064;Crin;Sculpher;18/12/2000;Female;Legal;150282;Crin_Sc.H@consulting.com;NULL;
01-8688584;Jesselyn;Coggin;04/03/1991;Female;Accounting;159165;Jesselyn_Co.H@consulting.com;NULL;
01-8774464;Lydon;Vynehall;15/04/1971;Female;Engineering;107583;Lydon_Vy.R@consulting.com;NULL;
01-8805399;Hunter;Learman;02/03/2001;Female;Accounting;152781;Hunter_Le.R@consulting.com;NULL;
01-8840917;Rich;Horsted;18/04/1985;Male;Engineering;154919;Rich_Ho.H@consulting.com;03/06/2020;19:22:49
01-9079140;Brett;Trudgian;24/09/1974;Male;Engineering;152602;Brett_Tr.R@consulting.com;NULL;
01-9093998;Beatrix;Youens;18/12/1997;Female;Sales;131402;Beatrix_Yo.R@consulting.com;NULL;
01-9096171;Erwin;Licciardi;29/08/1988;Male;Engineering;124657;Erwin_Li.R@consulting.com;NULL;
01-9159899;Daryle;Zanre;26/10/1978;Male;Engineering;181519;Daryle_Za.H@consulting.com;NULL;
01-9288581;Candi;Waples;15/12/1965;Female;Services;175957;Candi_Wa.R@consulting.com;NULL;
01-9295189;Dimitry;Manske;12/01/1987;Male;Research and Development;116369;Dimitry_Ma.H@consulting.com;NULL;
01-9307405;Tabby;MacRannell;09/05/1971;Male;Accounting;83805;Tabby_Ma.H@consulting.com;NULL;
01-9495555;Virginie;Calverd;04/03/1969;Female;Human Resources;83169;Virginie_Ca.H@consulting.com;12/09/2034;21:45:33
01-9513779;Sindee;Oakeby;25/02/1968;Female;Accounting;158192;Sindee_Oa.H@consulting.com;NULL;
01-9549593;Tad;Armitage;23/09/1972;Female;Business Development;115729;Tad_Ar.R@consulting.com;NULL;
01-9664663;Regina;Faircliff;23/08/1975;Male;Services;132183;Regina_Fa.R@consulting.com;NULL;
01-9688532;Deeanne;Laurand;03/03/1977;Male;Accounting;94162;Deeanne_La.R@consulting.com;07/07/2024;16:10:05
01-9822993;Peta;Petkens;23/06/1979;Male;Business Development;148242;Peta_Pe.H@consulting.com;NULL;
01-9903001;Aubrey;Clint;03/12/1966;Female;Sales;94329;Aubrey_Cl.R@consulting.com;NULL;
01-9906674;Malcolm;Garbott;21/06/1989;Female;Engineering;88323;Malcolm_Ga.R@consulting.com;NULL;
01-9949768;Tiff;Cayzer;18/03/1977;Male;Human Resources;130466;Tiff_Ca.R@consulting.com;NULL;
01-9957786;Blondy;Orviss;12/10/1992;Male;Business Development;156637;Blondy_Or.R@consulting.com;24/07/2004;18:10:24
02-0213470;Celeste;Shynn;09/06/1994;Female;Business Development;120226;Celeste_Sh.H@consulting.com;NULL;
02-0283310;Halli;McDoual;29/09/1972;Male;Human Resources;138566;Halli_Mc.R@consulting.com;NULL;
02-0365819;Burlie;Portriss;28/10/1990;Female;Services;130366;Burlie_Po.H@consulting.com;NULL;
02-0455590;Sheffield;Northey;05/03/1984;Female;Accounting;97679;Sheffield_No.H@consulting.com;NULL;
02-0492717;Stormi;McIlmorie;23/07/1973;Male;Services;146259;Stormi_Mc.R@consulting.com;28/09/2010;9:44:54
02-0564663;Roselin;Bohlje;21/11/1984;Female;Engineering;168501;Roselin_Bo.R@consulting.com;NULL;
02-0583383;Mada;Chamberlin;15/01/1978;Male;Business Development;153507;Mada_Ch.H@consulting.com;NULL;
02-0602046;Rafe;Marven;05/12/1974;Male;Support;86948;Rafe_Ma.H@consulting.com;NULL;
02-0691316;Ugo;Eake;20/08/1996;Male;Engineering;112355;Ugo_Ea.R@consulting.com;NULL;
02-0702454;Shayne;Banford;18/10/1990;Female;Sales;123399;Shayne_Ba.H@consulting.com;NULL;
02-0716914;Valerye;Whillock;10/04/1967;Female;Human Resources;172722;Valerye_Wh.R@consulting.com;NULL;
02-0731356;Fraze;Charpin;12/03/1998;Male;Training;147404;Fraze_Ch.R@consulting.com;NULL;
02-0895485;Maynord;Spiteri;21/06/1985;Male;Accounting;179581;Maynord_Sp.H@consulting.com;NULL;
02-0921000;Hall;Gallon;08/04/1988;Male;Engineering;94993;Hall_Ga.R@consulting.com;26/08/2029;16:45:11
02-1061011;Esta;Crosthwaite;17/02/1986;Male;Engineering;138699;Esta_Cr.H@consulting.com;NULL;
02-1115741;Barri;Seyfart;11/07/1980;Female;Engineering;183815;Barri_Se.R@consulting.com;26/11/2018;3:53:19
02-1202510;Valina;Grindall;28/06/1989;Male;Business Development;86188;Valina_Gr.R@consulting.com;NULL;
02-1226234;Elka;Casari;25/08/2001;Male;Accounting;109633;Elka_Ca.H@consulting.com;NULL;
02-1272283;Benjie;Vasechkin;25/04/1990;Male;Sales;96468;Benjie_Va.H@consulting.com;20/12/2017;14:11:12
02-1411026;Rollins;MacNockater;08/03/1966;Male;Engineering;103165;Rollins_Ma.H@consulting.com;NULL;
02-1443955;Terra;Quixley;02/12/1968;Male;Business Development;183546;Terra_Qu.R@consulting.com;NULL;
02-1473847;Sergio;Covington;26/05/1974;Male;Human Resources;119136;Sergio_Co.H@consulting.com;NULL;
02-1552311;Skye;Janusik;14/10/1972;Male;Accounting;105419;Skye_Ja.R@consulting.com;NULL;
02-1558372;Charlotta;Wayne;20/02/2000;Female;Research and Development;174333;Charlotta_Wa.H@consulting.com;NULL;
02-1638262;Kalindi;Allan;02/08/1996;Female;Engineering;91970;Kalindi_Al.H@consulting.com;NULL;
02-1821357;Corette;Borell;07/08/1967;Male;Sales;136731;Corette_Bo.H@consulting.com;13/03/2012;20:49:26
02-2012861;Gilbertina;Deschelle;21/11/1975;Female;Business Development;102890;Gilbertina_De.R@consulting.com;NULL;
02-2016173;Irina;Sheather;19/05/1975;Female;Accounting;142318;Irina_Sh.H@consulting.com;NULL;
02-2053862;Enriqueta;Preshous;08/02/1994;Female;Accounting;122331;Enriqueta_Pr.R@consulting.com;NULL;
02-2164900;Sukey;Gathercoal;02/09/1977;Female;Training;98008;Sukey_Ga.H@consulting.com;NULL;
02-2245469;Dunc;Stock;25/03/1991;Male;Engineering;151803;Dunc_St.R@consulting.com;NULL;
02-2264688;Gearalt;Townshend;30/04/2002;Female;Engineering;124415;Gearalt_To.H@consulting.com;NULL;
02-2375359;Vinny;Hattam;18/03/1968;Female;Sales;176464;Vinny_Ha.H@consulting.com;NULL;
02-2394964;Aube;Sivewright;19/07/1987;Male;Engineering;153951;Aube_Si.R@consulting.com;NULL;
02-2407293;Nessie;Gane;21/08/1979;Female;Accounting;142127;Nessie_Ga.R@consulting.com;NULL;
02-2430950;Oralia;Siddle;06/03/1997;Female;Accounting;159641;Oralia_Si.R@consulting.com;NULL;
02-2437930;Ahmed;Lerhinan;17/06/1967;Male;Services;81983;Ahmed_Le.H@consulting.com;NULL;
02-2477945;Marley;Mordaunt;20/06/1995;Male;Business Development;158576;Marley_Mo.R@consulting.com;NULL;
02-2482582;Wynn;Rean;23/03/1996;Female;Accounting;140287;Wynn_Re.R@consulting.com;NULL;
02-2486666;Ardene;McQuillen;08/09/1995;Male;Accounting;66388;Ardene_Mc.H@consulting.com;NULL;
02-2504513;Freddy;Follett;03/08/1999;Female;Accounting;144620;Freddy_Fo.R@consulting.com;NULL;
02-2511143;Madeleine;O'Fallone;26/05/1987;Male;Sales;166269;Madeleine_O'.R@consulting.com;NULL;
02-2571312;Kingsley;Chansonnau;21/10/1967;Female;Engineering;98168;Kingsley_Ch.R@consulting.com;NULL;
02-2582947;Chic;Cassam;04/12/2001;Female;Engineering;123267;Chic_Ca.R@consulting.com;NULL;
02-2631691;Nicolas;Berkery;18/02/1971;Female;Engineering;140623;Nicolas_Be.R@consulting.com;NULL;
02-2764484;Hanson;Felton;16/11/1993;Female;Business Development;104215;Hanson_Fe.R@consulting.com;NULL;
02-2814569;Minor;Addess;27/03/1987;Male;Human Resources;91191;Minor_Ad.H@consulting.com;29/08/2014;19:21:02
02-2843005;Margarita;Wardle;06/03/1978;Female;Engineering;98626;Margarita_Wa.H@consulting.com;NULL;
02-2843030;Juan;Nesby;24/08/1989;Male;Engineering;138419;Juan_Ne.R@consulting.com;NULL;
02-2868677;Roth;Crocken;30/08/2000;Male;Support;92814;Roth_Cr.R@consulting.com;NULL;
02-2892865;Amby;Neilus;06/07/1981;Male;Sales;145096;Amby_Ne.R@consulting.com;NULL;
02-2935618;Carmela;McElvogue;16/11/1966;Male;Engineering;70746;Carmela_Mc.H@consulting.com;NULL;
02-3043161;Rhodia;Kildahl;11/08/1972;Male;Research and Development;121277;Rhodia_Ki.R@consulting.com;10/09/2021;7:27:41
02-3116857;Ronny;Reye;12/09/1985;Male;Services;104329;Ronny_Re.H@consulting.com;NULL;
02-3131184;Scot;Jaan;29/09/1985;Male;Accounting;103328;Scot_Ja.R@consulting.com;NULL;
02-3178366;Calvin;Brislawn;06/06/1970;Male;Engineering;149065;Calvin_Br.H@consulting.com;05/02/2032;0:56:21
02-3265567;Gregoire;Salsbury;18/11/1982;Male;Sales;102023;Gregoire_Sa.H@consulting.com;NULL;
02-3294319;Bruce;Kennefick;23/08/2000;Male;Product Management;82900;Bruce_Ke.H@consulting.com;NULL;
02-3365591;Hermy;Langan;11/11/1977;Male;Business Development;136079;Hermy_La.R@consulting.com;NULL;
02-3414035;Cloe;Wixey;14/12/1994;Female;Sales;68336;Cloe_Wi.H@consulting.com;NULL;
02-3429255;Calli;Ashlin;19/01/2000;Male;Legal;75983;Calli_As.H@consulting.com;10/06/2012;17:51:48
02-3640881;Gardener;Aim;20/05/1968;Male;Engineering;105183;Gardener_Ai.H@consulting.com;NULL;
02-3687358;Terra;Febry;04/04/1987;Female;Training;175746;Terra_Fe.R@consulting.com;27/03/2023;23:02:04
02-3710598;Rachel;Elven;20/09/1992;Male;Services;120109;Rachel_El.H@consulting.com;NULL;
02-3738192;Joy;Ebbens;13/02/1992;Female;Research and Development;67394;Joy_Eb.H@consulting.com;NULL;
02-3845025;Etan;Espinet;26/11/2000;Male;Engineering;76490;Etan_Es.R@consulting.com;NULL;
02-3848206;Trip;Fallens;20/03/1993;Female;Services;120221;Trip_Fa.R@consulting.com;NULL;
02-3928744;Ruben;Lilian;14/11/1971;Male;Training;71738;Ruben_Li.R@consulting.com;NULL;
02-4023201;Roanna;Doohan;17/01/1990;Female;Accounting;95294;Roanna_Do.H@consulting.com;NULL;
02-4034188;Alfred;Holbarrow;07/08/1977;Female;Sales;74386;Alfred_Ho.H@consulting.com;NULL;
02-4064527;Cherida;Meaking;09/01/2001;Female;Research and Development;124578;Cherida_Me.R@consulting.com;NULL;
02-4168881;Ingeborg;Stainland;17/05/1996;Female;Accounting;169661;Ingeborg_St.H@consulting.com;NULL;
02-4210787;Jodi;Charlot;29/03/1979;Female;Engineering;138716;Jodi_Ch.H@consulting.com;NULL;
02-4244801;Rodney;Cape;05/04/1977;Male;Training;132329;Rodney_Ca.H@consulting.com;NULL;
02-4249650;Isa;Ingry;30/03/1988;Male;Engineering;170925;Isa_In.R@consulting.com;NULL;
02-4263333;Bethanne;Teresse;06/06/1972;Female;Engineering;101568;Bethanne_Te.R@consulting.com;NULL;
02-4292658;Grenville;Raffon;12/07/1968;Male;Engineering;123922;Grenville_Ra.H@consulting.com;NULL;
02-4303313;Guillema;Magee;17/08/1999;Male;Engineering;173121;Guillema_Ma.R@consulting.com;NULL;
02-4370125;Danell;Evert;24/02/1997;Female;Services;105782;Danell_Ev.R@consulting.com;NULL;
02-4393826;Abe;Inkle;22/09/1968;Male;Engineering;128512;Abe_In.H@consulting.com;NULL;
02-4466418;Charisse;Doldon;25/01/1978;Female;Accounting;66365;Charisse_Do.H@consulting.com;NULL;
02-4529253;Jed;Jantet;29/11/1968;Male;Support;179437;Jed_Ja.H@consulting.com;NULL;
02-4662188;Yoshi;Alben;09/05/1995;Female;Engineering;124172;Yoshi_Al.H@consulting.com;NULL;
02-4700779;Faina;Stansell;01/12/1998;Female;Accounting;122551;Faina_St.R@consulting.com;22/09/2027;23:10:49
02-5001856;Tull;Kingsmill;17/09/1990;Female;Engineering;124901;Tull_Ki.H@consulting.com;NULL;
02-5052249;Ilyssa;Koch;13/07/1995;Male;Research and Development;142247;Ilyssa_Ko.H@consulting.com;23/07/2029;9:51:36
02-5092188;Victoria;Picot;19/06/1996;Male;Engineering;76911;Victoria_Pi.H@consulting.com;NULL;
02-5098456;Eugen;Pentycost;13/01/1979;Male;Product Management;72501;Eugen_Pe.H@consulting.com;NULL;
02-5131914;Bertram;Moyers;07/02/1974;Female;Engineering;82479;Bertram_Mo.H@consulting.com;NULL;
02-5173767;Josias;Wrankling;13/08/1984;Female;Accounting;91122;Josias_Wr.R@consulting.com;NULL;
02-5197822;Dennet;Elliker;10/09/1968;Female;Engineering;107272;Dennet_El.R@consulting.com;NULL;
02-5225131;Jesselyn;Vick;31/01/1969;Male;Engineering;79409;Jesselyn_Vi.H@consulting.com;NULL;
02-5228412;Scarlet;Muggleton;07/06/2002;Male;Engineering;168090;Scarlet_Mu.H@consulting.com;NULL;
02-5236312;Meredeth;Christian;30/08/1971;Male;Research and Development;88728;Meredeth_Ch.H@consulting.com;NULL;
02-5283413;Chelsy;Cowerd;12/10/1987;Female;Engineering;96160;Chelsy_Co.H@consulting.com;NULL;
02-5365306;Colet;Shinton;19/02/1986;Female;Accounting;143875;Colet_Sh.R@consulting.com;13/04/2010;14:07:04
02-5475092;Martino;Naile;23/12/1994;Male;Support;109110;Martino_Na.R@consulting.com;NULL;
02-5476489;Joeann;Johanning;09/03/1978;Female;Training;111760;Joeann_Jo.R@consulting.com;NULL;
02-5523050;Ferguson;Isham;05/06/1974;Male;Support;173542;Ferguson_Is.R@consulting.com;NULL;
02-5610726;Bald;De la Yglesia;15/11/1992;Female;Services;86551;Bald_De.R@consulting.com;NULL;
02-5612157;Correna;Josowitz;22/12/1966;Female;Training;135512;Correna_Jo.H@consulting.com;NULL;
02-5641376;Beauregard;Linklater;26/12/1994;Male;Human Resources;170926;Beauregard_Li.H@consulting.com;NULL;
02-5995293;Rafaelia;Biaggetti;28/03/1996;Male;Engineering;100959;Rafaelia_Bi.R@consulting.com;NULL;
02-6032154;Celestina;Barlace;16/07/1973;Male;Accounting;177189;Celestina_Ba.H@consulting.com;NULL;
02-6155914;Thacher;Seniour;20/06/1994;Female;Sales;182577;Thacher_Se.H@consulting.com;NULL;
02-6166187;Nissa;Sealey;05/02/1970;Male;Engineering;113150;Nissa_Se.H@consulting.com;NULL;
02-6180556;Aurea;Woolward;09/12/1974;Male;Sales;96307;Aurea_Wo.H@consulting.com;NULL;
02-6270951;Bob;Kleszinski;05/10/1992;Female;Training;124961;Bob_Kl.H@consulting.com;07/12/2012;18:42:23
02-6386867;Ronna;Twiggs;30/05/1999;Female;Training;183249;Ronna_Tw.H@consulting.com;NULL;
02-6498239;Blinnie;Britto;19/05/1976;Male;Human Resources;98295;Blinnie_Br.R@consulting.com;NULL;
02-6555233;Raleigh;Leggan;02/02/1999;Female;Engineering;168242;Raleigh_Le.R@consulting.com;NULL;
02-6616430;Clemmy;Dutch;04/03/1985;Male;Services;152910;Clemmy_Du.H@consulting.com;NULL;
02-6637432;Andreana;Mugg;02/02/1993;Female;Engineering;107689;Andreana_Mu.H@consulting.com;NULL;
02-6692940;Leanora;Christaeas;22/12/1978;Female;Engineering;88338;Leanora_Ch.H@consulting.com;NULL;
02-6799460;Elizabet;Linwood;23/08/1971;Female;Business Development;66680;Elizabet_Li.R@consulting.com;NULL;
02-6804243;Ivor;Mowle;15/07/1972;Female;Research and Development;70535;Ivor_Mo.R@consulting.com;NULL;
02-6824219;Faydra;Slevin;11/01/1999;Male;Business Development;121838;Faydra_Sl.H@consulting.com;NULL;
02-6853604;Blinny;Domange;02/01/1979;Female;Engineering;84116;Blinny_Do.H@consulting.com;NULL;
02-6930924;Gibb;Belbin;13/08/1985;Female;Research and Development;106116;Gibb_Be.H@consulting.com;NULL;
02-7078487;Trumaine;Egdell;07/12/1980;Male;Accounting;101389;Trumaine_Eg.R@consulting.com;13/09/2028;3:49:26
02-7364203;Diena;Rump;16/06/1980;Male;Accounting;162190;Diena_Ru.H@consulting.com;NULL;
02-7423004;Sharleen;Abba;04/02/1994;Female;Engineering;173241;Sharleen_Ab.H@consulting.com;NULL;
02-7424672;Leoine;Chinnery;25/08/1968;Male;Services;77170;Leoine_Ch.H@consulting.com;NULL;
02-7482315;Audrye;Rowson;22/08/1998;Male;Engineering;142123;Audrye_Ro.R@consulting.com;NULL;
02-7493243;Lenci;Swalough;07/05/1992;Female;Support;108262;Lenci_Sw.H@consulting.com;NULL;
02-7497120;Herb;Proom;26/09/1982;Female;Engineering;182042;Herb_Pr.R@consulting.com;NULL;
02-7660405;Welsh;Manjin;31/07/1974;Female;Business Development;136874;Welsh_Ma.R@consulting.com;11/01/2026;1:35:55
02-7821145;Guendolen;Neles;06/09/1980;Male;Training;87650;Guendolen_Ne.H@consulting.com;NULL;
02-7824555;Bonita;Dowe;15/10/1999;Male;Business Development;140689;Bonita_Do.H@consulting.com;NULL;
02-7865520;Waverly;Chastagnier;09/01/1979;Female;Accounting;114383;Waverly_Ch.H@consulting.com;NULL;
02-7918864;Saidee;Gracey;24/06/1991;Female;Accounting;146198;Saidee_Gr.R@consulting.com;NULL;
02-7951059;Hillel;Yakovl;01/03/1976;Male;Marketing;112925;Hillel_Ya.H@consulting.com;NULL;
02-8010051;Arluene;D' Angelo;24/09/1979;Male;Engineering;164838;Arluene_D'.R@consulting.com;NULL;
02-8015603;Gaye;Candelin;14/01/2002;Male;Human Resources;109161;Gaye_Ca.H@consulting.com;NULL;
02-8023786;Pooh;Redding;22/06/1969;Female;Accounting;66778;Pooh_Re.H@consulting.com;20/09/2006;8:39:41
02-8121475;Corty;Mirando;24/09/1968;Male;Engineering;107123;Corty_Mi.H@consulting.com;NULL;
02-8178381;Madelaine;Waterstone;10/05/1990;Male;Marketing;155236;Madelaine_Wa.R@consulting.com;01/05/2016;22:21:03
02-8258500;Jesus;Meddick;24/08/1986;Male;Engineering;125990;Jesus_Me.H@consulting.com;NULL;
02-8285118;Ninon;Jacklings;26/02/1973;Female;Training;156418;Ninon_Ja.H@consulting.com;NULL;
02-8291119;Bond;Soule;25/05/1988;Female;Engineering;93995;Bond_So.R@consulting.com;NULL;
02-8323035;Caria;Culbard;24/11/1995;Male;Business Development;89457;Caria_Cu.H@consulting.com;NULL;
02-8326189;Abrahan;MacAne;14/09/1971;Female;Services;152574;Abrahan_Ma.R@consulting.com;NULL;
02-8349881;Glenda;Serfati;13/05/2002;Female;Training;123399;Glenda_Se.H@consulting.com;04/04/2005;13:31:23
02-8537525;Conrado;Baradel;19/06/1967;Female;Sales;76935;Conrado_Ba.R@consulting.com;22/11/2009;0:46:40
02-8655722;Frank;Harland;12/03/2000;Male;Services;162292;Frank_Ha.R@consulting.com;23/05/2020;15:37:40
02-8755229;Keene;Iacomelli;06/10/1982;Male;Business Development;86562;Keene_Ia.R@consulting.com;NULL;
02-8771890;Kariotta;Lowth;09/05/1991;Male;Business Development;131128;Kariotta_Lo.H@consulting.com;NULL;
02-8791262;Lockwood;Bousler;11/08/1978;Male;Product Management;75738;Lockwood_Bo.H@consulting.com;NULL;
02-8814353;Tod;Frankema;08/11/1967;Female;Business Development;164429;Tod_Fr.R@consulting.com;NULL;
02-8826003;Tobit;Peatman;22/12/1999;Male;Engineering;158582;Tobit_Pe.R@consulting.com;18/01/2012;15:12:36
02-8871139;Will;Lang;01/08/1979;Female;Engineering;160132;Will_La.R@consulting.com;NULL;
02-8909025;Alonso;Jaffrey;26/12/1984;Female;Support;139823;Alonso_Ja.H@consulting.com;NULL;
02-8962412;Agata;Bartholat;01/07/1973;Female;Sales;124238;Agata_Ba.R@consulting.com;04/01/2027;10:18:19
02-9027630;Zoe;Upcraft;10/06/1975;Male;Sales;141245;Zoe_Up.R@consulting.com;NULL;
02-9058302;Hyacinth;Disley;03/05/1977;Female;Engineering;139286;Hyacinth_Di.H@consulting.com;NULL;
02-9164267;Eyde;Threadgill;28/08/1990;Female;Human Resources;162016;Eyde_Th.R@consulting.com;NULL;
02-9168361;Charlotte;Banbrick;13/04/1987;Male;Research and Development;115061;Charlotte_Ba.H@consulting.com;NULL;
02-9198167;Quill;Olivia;22/01/1986;Female;Training;182493;Quill_Ol.H@consulting.com;24/08/2006;0:12:27
02-9271017;Lauretta;Barkhouse;06/01/1973;Male;Engineering;131937;Lauretta_Ba.H@consulting.com;NULL;
02-9343607;Kristy;Addionizio;08/03/1982;Male;Human Resources;117701;Kristy_Ad.R@consulting.com;NULL;
02-9360852;Ethelind;Hightown;24/06/1992;Female;Accounting;148288;Ethelind_Hi.R@consulting.com;NULL;
02-9375650;Valentia;Nuccii;17/08/1989;Female;Marketing;99320;Valentia_Nu.R@consulting.com;NULL;
02-9380911;Zacherie;Rubbert;04/11/1999;Male;Marketing;125083;Zacherie_Ru.H@consulting.com;NULL;
02-9395540;Shirleen;Vergo;18/03/1976;Male;Services;160254;Shirleen_Ve.H@consulting.com;NULL;
02-9416533;Bethany;Benediktsson;31/07/1995;Male;Accounting;161986;Bethany_Be.R@consulting.com;NULL;
02-9470073;Bryce;Frary;31/10/1998;Female;Engineering;151814;Bryce_Fr.H@consulting.com;NULL;
02-9481041;Vanessa;Hall-Gough;14/10/1971;Female;Business Development;137294;Vanessa_Ha.H@consulting.com;NULL;
02-9503780;Kelley;Castaner;26/11/1977;Female;Engineering;154394;Kelley_Ca.R@consulting.com;NULL;
02-9613665;Sindee;Kike;26/06/2002;Male;Marketing;97912;Sindee_Ki.R@consulting.com;NULL;
02-9774686;Bryce;Smitherham;16/03/1982;Male;Accounting;128125;Bryce_Sm.H@consulting.com;NULL;
02-9778484;Francis;Alleway;20/04/1974;Female;Accounting;110264;Francis_Al.H@consulting.com;NULL;
02-9825039;Lyssa;Rainton;13/04/1998;Female;Marketing;124034;Lyssa_Ra.R@consulting.com;NULL;
02-9825891;Tarrah;Oleksinski;23/09/1979;Female;Engineering;150043;Tarrah_Ol.R@consulting.com;NULL;
02-9848635;Jo-ann;Blitzer;17/03/1971;Female;Research and Development;136999;Jo-ann_Bl.H@consulting.com;25/04/2012;13:27:12
02-9972932;Evanne;Lander;05/08/1967;Female;Accounting;145389;Evanne_La.R@consulting.com;NULL;
03-0027869;Shepard;Codrington;06/05/1980;Male;Accounting;168900;Shepard_Co.H@consulting.com;NULL;
03-0136911;Nicholas;Note;18/12/1993;Male;Engineering;168719;Nicholas_No.H@consulting.com;NULL;
03-0165089;Peggie;Beed;28/11/1994;Female;Training;175755;Peggie_Be.R@consulting.com;NULL;
03-0179558;Alanson;Lavery;29/09/1991;Male;Sales;74699;Alanson_La.R@consulting.com;NULL;
03-0190933;Derek;Southcoat;28/01/1975;Male;Marketing;120723;Derek_So.H@consulting.com;NULL;
03-0229988;Joshia;Pechacek;08/01/1990;Female;Human Resources;87841;Joshia_Pe.H@consulting.com;NULL;
03-0245358;Karlan;Bissatt;26/07/1977;Male;Engineering;178247;Karlan_Bi.H@consulting.com;NULL;
03-0247470;Mickie;Kirsche;26/12/1974;Female;Services;129021;Mickie_Ki.H@consulting.com;29/07/2025;12:04:19
03-0344195;Arlyn;Favel;27/10/1991;Female;Business Development;70967;Arlyn_Fa.R@consulting.com;NULL;
03-0352788;Matteo;Buckleigh;27/07/1981;Female;Engineering;80264;Matteo_Bu.H@consulting.com;NULL;
03-0397691;Tabbatha;Carruth;26/05/1982;Male;Accounting;85544;Tabbatha_Ca.R@consulting.com;NULL;
03-0418386;Pippa;Morsey;29/09/2001;Female;Auditing;141929;Pippa_Mo.R@consulting.com;NULL;
03-0420336;Nettle;Blogg;23/10/1992;Female;Engineering;162894;Nettle_Bl.R@consulting.com;NULL;
03-0488568;Jobey;Dickinson;19/09/1980;Female;Engineering;83627;Jobey_Di.R@consulting.com;NULL;
03-0571721;Ethelyn;Belverstone;12/06/1982;Male;Engineering;183904;Ethelyn_Be.H@consulting.com;NULL;
03-0603418;Ware;Gillicuddy;23/05/1968;Male;Services;156243;Ware_Gi.H@consulting.com;14/08/2019;5:31:01
03-0741335;Arthur;Gilbanks;22/07/2001;Male;Engineering;65387;Arthur_Gi.H@consulting.com;NULL;
03-0742870;Cicely;Sindle;30/07/1982;Female;Training;69618;Cicely_Si.H@consulting.com;NULL;
03-0743140;Arte;McAster;05/03/2002;Female;Engineering;96536;Arte_Mc.R@consulting.com;NULL;
03-0756081;Terencio;Bann;15/05/1976;Male;Engineering;78630;Terencio_Ba.H@consulting.com;19/03/2013;2:54:55
03-0900961;Tremain;Lyngsted;10/10/1981;Female;Engineering;113750;Tremain_Ly.H@consulting.com;NULL;
03-0917668;Bria;Parlour;13/12/2001;Male;Services;67756;Bria_Pa.R@consulting.com;NULL;
03-0944815;Danyette;Wrate;14/02/1976;Female;Business Development;89837;Danyette_Wr.H@consulting.com;NULL;
03-0966446;Pennie;Clyne;29/04/1974;Female;Product Management;91560;Pennie_Cl.H@consulting.com;NULL;
03-1007884;Price;O'Moylane;05/10/1983;Female;Support;144892;Price_O'.R@consulting.com;NULL;
03-1103571;Nertie;Felten;27/02/1968;Female;Accounting;77335;Nertie_Fe.R@consulting.com;NULL;
03-1158217;Rutger;Iveagh;03/11/1984;Male;Research and Development;155676;Rutger_Iv.H@consulting.com;17/07/2005;12:13:36
03-1185671;Farr;Le Fevre;31/01/1973;Female;Sales;128108;Farr_Le.R@consulting.com;NULL;
03-1225101;Pennie;Dillow;31/07/1999;Female;Human Resources;81573;Pennie_Di.H@consulting.com;NULL;
03-1228968;Rhiamon;Tchir;27/01/1989;Female;Product Management;171877;Rhiamon_Tc.H@consulting.com;NULL;
03-1265056;Baird;Hambers;08/11/2001;Male;Training;114771;Baird_Ha.H@consulting.com;NULL;
03-1270313;Mayne;Banbrick;04/08/1967;Female;Sales;144196;Mayne_Ba.R@consulting.com;01/12/2022;14:29:44
03-1392351;Randene;Noden;12/04/1992;Female;Business Development;93358;Randene_No.R@consulting.com;NULL;
03-1401254;Andie;Jenkyn;28/08/1992;Male;Engineering;108598;Andie_Je.R@consulting.com;NULL;
03-1442317;Carlota;Tilson;29/07/1985;Female;Services;85217;Carlota_Ti.R@consulting.com;NULL;
03-1452172;Ainslie;Tidbury;01/08/1999;Female;Engineering;141280;Ainslie_Ti.H@consulting.com;22/12/2019;19:24:36
03-1648670;Finn;Guirau;10/06/1981;Male;Marketing;171710;Finn_Gu.R@consulting.com;NULL;
03-1719199;Camille;Masterman;21/03/1981;Male;Engineering;126451;Camille_Ma.H@consulting.com;NULL;
03-1759111;Charity;Isaksson;16/05/1994;Male;Accounting;101195;Charity_Is.R@consulting.com;NULL;
03-1783423;Filippo;Loade;17/07/1998;Female;Sales;154685;Filippo_Lo.R@consulting.com;NULL;
03-1812727;Claudina;Brotheridge;06/12/1979;Female;Accounting;173529;Claudina_Br.H@consulting.com;NULL;
03-1859502;Alanson;Housecroft;28/10/1968;Male;Product Management;166561;Alanson_Ho.H@consulting.com;NULL;
03-1863653;Jeremy;Purchase;20/08/2000;Male;Engineering;160620;Jeremy_Pu.R@consulting.com;NULL;
03-1878121;Fairleigh;Oggers;04/06/1978;Female;Training;107771;Fairleigh_Og.H@consulting.com;NULL;
03-1881282;Cecil;Hannay;21/03/1983;Male;Sales;101013;Cecil_Ha.H@consulting.com;NULL;
03-1910898;Richmound;Baumber;22/06/2000;Male;Engineering;79204;Richmound_Ba.H@consulting.com;30/04/2016;15:03:06
03-2136921;Sharia;Riddock;17/07/1986;Male;Human Resources;88884;Sharia_Ri.R@consulting.com;16/01/2018;3:22:49
03-2238169;Bevin;Coaten;10/09/1979;Female;Engineering;71636;Bevin_Co.H@consulting.com;NULL;
03-2359010;Iver;Dutnall;03/10/1978;Male;Research and Development;95131;Iver_Du.H@consulting.com;NULL;
03-2388234;Christoph;Smieton;12/07/1987;Female;Training;162200;Christoph_Sm.H@consulting.com;12/04/2010;15:53:12
03-2412363;Tully;Darey;22/08/1999;Male;Marketing;145410;Tully_Da.R@consulting.com;NULL;
03-2512094;Dougy;Jankovsky;03/06/1979;Male;Accounting;168884;Dougy_Ja.R@consulting.com;NULL;
03-2618961;Winthrop;Vatini;09/08/1995;Male;Accounting;165889;Winthrop_Va.H@consulting.com;25/09/2032;1:19:03
03-2687919;Alf;Pascow;17/01/1986;Male;Sales;87316;Alf_Pa.R@consulting.com;NULL;
03-2726936;Magnum;Smalley;15/01/1967;Male;Services;124192;Magnum_Sm.H@consulting.com;NULL;
03-2751365;Malory;Vears;24/07/1991;Female;Human Resources;120059;Malory_Ve.R@consulting.com;NULL;
03-2764930;Juliane;Dunthorn;23/04/1991;Male;Engineering;101430;Juliane_Du.R@consulting.com;NULL;
03-2830109;Lorine;Dellar;14/04/1972;Female;Accounting;97111;Lorine_De.H@consulting.com;NULL;
03-2859776;Bridget;Bunston;20/06/1977;Male;Engineering;168155;Bridget_Bu.H@consulting.com;28/12/2026;14:46:20
03-2960058;Lexi;Loftin;19/05/1999;Male;Engineering;170137;Lexi_Lo.H@consulting.com;NULL;
03-2993254;Charo;Elven;11/02/1991;Male;Engineering;170906;Charo_El.R@consulting.com;NULL;
03-3065184;Emmott;Cargenven;01/03/1997;Female;Accounting;101451;Emmott_Ca.R@consulting.com;02/11/2016;5:52:40
03-3323204;Berti;Pashby;18/06/1980;Male;Accounting;164420;Berti_Pa.R@consulting.com;NULL;
03-3428358;Rafa;Ryce;19/01/1970;Female;Product Management;96444;Rafa_Ry.R@consulting.com;NULL;
03-3450991;Raynor;Fraschini;22/07/1989;Female;Training;92067;Raynor_Fr.R@consulting.com;NULL;
03-3451727;Lisle;Pluvier;13/09/1983;Female;Training;131447;Lisle_Pl.R@consulting.com;NULL;
03-3475507;Jeanna;Willbraham;19/02/1998;Male;Training;136509;Jeanna_Wi.R@consulting.com;NULL;
03-3614782;Filbert;Gleave;22/01/1976;Male;Engineering;120952;Filbert_Gl.H@consulting.com;NULL;
03-3657847;Ariel;McIlmorie;26/08/1997;Male;Engineering;138135;Ariel_Mc.H@consulting.com;NULL;
03-3757534;Diann;Northbridge;20/05/1970;Female;Accounting;128097;Diann_No.R@consulting.com;NULL;
03-3769740;Gardie;Paff;26/05/1984;Male;Human Resources;108722;Gardie_Pa.H@consulting.com;NULL;
03-3822888;Dillon;Playfair;05/11/1973;Female;Engineering;104270;Dillon_Pl.R@consulting.com;NULL;
03-3894677;Glenn;Oxtiby;03/04/1973;Female;Marketing;79429;Glenn_Ox.R@consulting.com;NULL;
03-3928645;Nikolaus;Bromell;04/05/1968;Male;Legal;167681;Nikolaus_Br.R@consulting.com;NULL;
03-3940060;Latia;Furzer;05/09/1990;Male;Human Resources;182872;Latia_Fu.R@consulting.com;NULL;
03-3949337;Gretel;Fawssett;06/05/1970;Male;Engineering;93319;Gretel_Fa.R@consulting.com;NULL;
03-3972201;Alfonso;Salliss;30/06/1989;Male;Accounting;96138;Alfonso_Sa.R@consulting.com;NULL;
03-4033672;Moe;Keigher;25/10/1996;Female;Research and Development;140420;Moe_Ke.H@consulting.com;10/07/2037;20:21:58
03-4116883;Mathilde;Armistead;15/03/1973;Female;Services;128655;Mathilde_Ar.R@consulting.com;09/07/2017;5:30:39
03-4180948;Delila;Rockcliffe;07/11/2000;Male;Human Resources;115360;Delila_Ro.R@consulting.com;24/01/2028;20:22:14
03-4499865;Lynne;Crallan;11/02/2000;Female;Engineering;91258;Lynne_Cr.R@consulting.com;NULL;
03-4552124;Melissa;Bonnor;23/08/1995;Male;Accounting;106536;Melissa_Bo.R@consulting.com;NULL;
03-4564618;Saloma;Loosley;08/11/1986;Male;Engineering;88289;Saloma_Lo.H@consulting.com;NULL;
03-4610821;Maury;Lindemann;17/06/1983;Female;Accounting;90952;Maury_Li.R@consulting.com;NULL;
03-4617943;Herculie;Hatliff;22/11/1987;Female;Accounting;96152;Herculie_Ha.R@consulting.com;30/10/2029;10:45:27
03-4757897;Rowe;Fish;06/03/1991;Male;Engineering;173719;Rowe_Fi.R@consulting.com;NULL;
03-4949258;Eliot;Chatten;30/09/1988;Male;Engineering;128004;Eliot_Ch.R@consulting.com;NULL;
03-4997422;Lombard;Meace;06/05/1993;Female;Engineering;146187;Lombard_Me.R@consulting.com;NULL;
03-5023451;Laurianne;Paulin;04/11/1993;Male;Engineering;177384;Laurianne_Pa.R@consulting.com;NULL;
03-5093987;Samara;Rew;09/02/1989;Male;Engineering;75509;Samara_Re.R@consulting.com;NULL;
03-5119774;Bendix;Nunson;06/08/1967;Male;Engineering;141705;Bendix_Nu.H@consulting.com;NULL;
03-5120478;Mano;Greatham;27/01/2002;Female;Training;72823;Mano_Gr.R@consulting.com;NULL;
03-5122131;Gladi;Abbot;03/12/1974;Male;Accounting;149717;Gladi_Ab.R@consulting.com;NULL;
03-5137663;Vonnie;Swaddle;20/09/1987;Female;Accounting;132093;Vonnie_Sw.H@consulting.com;NULL;
03-5152055;Mindy;Charlon;07/06/1987;Male;Engineering;118184;Mindy_Ch.R@consulting.com;NULL;
03-5200029;Angel;Nickols;16/05/1972;Female;Accounting;156601;Angel_Ni.R@consulting.com;NULL;
03-5334760;Prudi;Windaybank;01/07/1990;Male;Support;143173;Prudi_Wi.H@consulting.com;NULL;
03-5350523;Mackenzie;Drains;21/05/1983;Male;Business Development;87097;Mackenzie_Dr.R@consulting.com;NULL;
03-5401704;Catherin;Wiszniewski;18/07/1976;Male;Training;133309;Catherin_Wi.R@consulting.com;NULL;
03-5412898;Cash;Daish;26/10/1970;Female;Services;128798;Cash_Da.H@consulting.com;NULL;
03-5421399;Ertha;Gebuhr;05/11/1996;Male;Research and Development;86513;Ertha_Ge.H@consulting.com;NULL;
03-5469853;Ramon;Rawll;18/12/1968;Male;Engineering;129469;Ramon_Ra.R@consulting.com;13/05/2015;16:22:03
03-5537706;Kessiah;Launder;22/03/1993;Male;Sales;69582;Kessiah_La.H@consulting.com;NULL;
03-5542064;Lambert;Finker;28/03/1973;Male;Engineering;165586;Lambert_Fi.R@consulting.com;NULL;
03-5546438;Virgilio;Goldie;10/10/1976;Male;Accounting;119465;Virgilio_Go.H@consulting.com;NULL;
03-5567366;Mathew;Curl;31/08/1994;Female;Research and Development;175716;Mathew_Cu.H@consulting.com;26/12/2026;2:32:14
03-5692409;Tanny;MacRonald;08/01/1984;Female;Support;65771;Tanny_Ma.R@consulting.com;08/03/2024;14:04:17
03-6039434;Candie;Degoy;18/08/1992;Male;Training;163653;Candie_De.R@consulting.com;NULL;
03-6073368;Burg;Lowne;18/11/1997;Male;Accounting;112217;Burg_Lo.R@consulting.com;NULL;
03-6119745;Maiga;Turnpenny;02/02/1978;Female;Engineering;143452;Maiga_Tu.H@consulting.com;NULL;
03-6141895;Natty;Larne;05/02/1993;Female;Engineering;165340;Natty_La.R@consulting.com;20/05/2011;6:04:48
03-6208983;Mattie;Meneghelli;16/02/1989;Female;Business Development;116948;Mattie_Me.R@consulting.com;09/08/2030;9:08:43
03-6259593;Sophey;Abelson;21/06/1978;Male;Research and Development;158580;Sophey_Ab.R@consulting.com;02/11/2009;6:56:42
03-6291929;Haleigh;Le febre;07/05/1983;Male;Accounting;165722;Haleigh_Le.R@consulting.com;NULL;
03-6346242;Somerset;De Freitas;01/07/1969;Male;Sales;106045;Somerset_De.R@consulting.com;NULL;
03-6373520;Karin;Bowra;09/04/2000;Male;Business Development;162266;Karin_Bo.R@consulting.com;NULL;
03-6388507;Wilmette;Sweating;19/06/1972;Male;Business Development;148300;Wilmette_Sw.R@consulting.com;12/01/2035;18:43:47
03-6466657;Dmitri;Lyst;05/03/1989;Female;Services;81687;Dmitri_Ly.H@consulting.com;NULL;
03-6480837;Dion;Ballham;05/06/1989;Female;Accounting;166059;Dion_Ba.H@consulting.com;NULL;
03-6484841;Darbie;Strangeway;16/07/2002;Male;Sales;116804;Darbie_St.H@consulting.com;NULL;
03-6565096;Stefa;McGlew;28/12/1969;Male;Engineering;115163;Stefa_Mc.R@consulting.com;31/01/2006;23:41:52
03-6774187;Collen;Koschke;23/12/1986;Male;Engineering;141840;Collen_Ko.R@consulting.com;NULL;
03-6782343;Zea;Bryceson;23/08/1990;Male;Support;112208;Zea_Br.R@consulting.com;NULL;
03-6799271;Mira;Grabiec;29/08/1974;Male;Training;96808;Mira_Gr.H@consulting.com;26/10/2021;23:39:37
03-6922523;Clo;Urwin;26/03/1984;Male;Business Development;141438;Clo_Ur.H@consulting.com;NULL;
03-6965741;Malanie;Standell;04/01/1988;Male;Business Development;117715;Malanie_St.H@consulting.com;NULL;
03-6968657;Alameda;Corben;06/08/1995;Male;Sales;161133;Alameda_Co.H@consulting.com;NULL;
03-7025123;Glory;Durrand;16/10/1968;Male;Engineering;159762;Glory_Du.H@consulting.com;NULL;
03-7070071;Loutitia;Lambdean;26/01/2002;Female;Research and Development;140193;Loutitia_La.H@consulting.com;NULL;
03-7105916;Lissi;Cone;29/04/1989;Female;Accounting;90662;Lissi_Co.R@consulting.com;09/03/2015;5:45:03
03-7170297;Samantha;Geldart;04/01/1995;Male;Engineering;111947;Samantha_Ge.H@consulting.com;NULL;
03-7184324;Filberto;Frichley;11/06/1966;Female;Sales;160973;Filberto_Fr.H@consulting.com;NULL;
03-7195800;Jeniece;Kincade;14/05/1976;Male;Engineering;130454;Jeniece_Ki.R@consulting.com;NULL;
03-7223288;Ingaberg;Sugge;03/10/2001;Female;Accounting;161515;Ingaberg_Su.H@consulting.com;NULL;
03-7237297;Melisandra;Lefwich;24/02/1990;Male;Engineering;115005;Melisandra_Le.H@consulting.com;NULL;
03-7264941;Brenda;Froud;26/03/1994;Male;Engineering;164671;Brenda_Fr.R@consulting.com;NULL;
03-7281272;Case;Rossbrook;18/08/2000;Male;Engineering;68564;Case_Ro.R@consulting.com;NULL;
03-7289895;Noel;Coode;29/08/1976;Male;Engineering;77584;Noel_Co.R@consulting.com;NULL;
03-7318583;Duke;Sleith;27/08/1999;Male;Training;158056;Duke_Sl.H@consulting.com;NULL;
03-7422481;Harald;Dyott;06/10/1969;Female;Engineering;172420;Harald_Dy.R@consulting.com;NULL;
03-7429251;Philippe;Marflitt;09/12/1986;Male;Human Resources;91613;Philippe_Ma.H@consulting.com;NULL;
03-7440922;Odetta;Genner;13/08/1971;Male;Accounting;154923;Odetta_Ge.R@consulting.com;NULL;
03-7503922;Tripp;Shillito;03/06/1969;Male;Training;161223;Tripp_Sh.R@consulting.com;NULL;
03-7508500;Dwight;Di Pietro;22/06/1997;Male;Engineering;184080;Dwight_Di.R@consulting.com;NULL;
03-7539654;Barb;Grewes;18/01/1979;Male;Training;120052;Barb_Gr.R@consulting.com;NULL;
03-7557134;Stefa;Churcher;16/08/1972;Male;Training;138585;Stefa_Ch.H@consulting.com;12/01/2032;8:11:44
03-7606184;Chris;Tuson;27/12/1987;Male;Engineering;155876;Chris_Tu.R@consulting.com;NULL;
03-7622489;Bale;Oldroyde;23/03/1996;Male;Engineering;158781;Bale_Ol.H@consulting.com;02/05/2022;21:55:05
03-7646349;Bertrand;Smithers;22/11/1982;Male;Engineering;118015;Bertrand_Sm.R@consulting.com;NULL;
03-7911811;Howard;Rushbrooke;24/05/2001;Male;Training;74048;Howard_Ru.H@consulting.com;NULL;
03-7913314;Emalee;Regenhardt;26/04/1990;Female;Sales;69014;Emalee_Re.H@consulting.com;NULL;
03-7949684;Elly;Cafe;19/05/2000;Male;Accounting;161431;Elly_Ca.H@consulting.com;NULL;
03-8031381;Sandie;Bote;22/08/1986;Female;Research and Development;86945;Sandie_Bo.R@consulting.com;NULL;
03-8051970;Madelle;Ryles;18/06/1966;Female;Accounting;88607;Madelle_Ry.R@consulting.com;NULL;
03-8174022;Corrie;Fasset;27/10/1976;Female;Engineering;156204;Corrie_Fa.R@consulting.com;NULL;
03-8226312;Hannie;Bulpitt;17/04/1969;Male;Engineering;84623;Hannie_Bu.H@consulting.com;NULL;
03-8254878;Cly;Charrier;28/10/1984;Female;Human Resources;158437;Cly_Ch.H@consulting.com;NULL;
03-8257408;Mendy;Doiley;18/01/1994;Male;Sales;174172;Mendy_Do.H@consulting.com;NULL;
03-8302577;Karlotta;Inskipp;02/11/1968;Female;Human Resources;171012;Karlotta_In.R@consulting.com;NULL;
03-8309835;Nixie;Wheal;30/06/1990;Male;Training;71394;Nixie_Wh.H@consulting.com;NULL;
03-8346904;Carissa;Goosey;02/10/1990;Male;Engineering;152749;Carissa_Go.H@consulting.com;NULL;
03-8363408;Allison;Trase;18/08/1982;Male;Training;67854;Allison_Tr.H@consulting.com;NULL;
03-8379640;Elmo;Aylmer;18/10/2001;Male;Engineering;73088;Elmo_Ay.R@consulting.com;NULL;
03-8390139;Pepillo;Judson;10/08/2001;Female;Legal;140738;Pepillo_Ju.H@consulting.com;NULL;
03-8472914;Reagan;Mellhuish;11/03/1987;Male;Sales;174299;Reagan_Me.R@consulting.com;12/10/2037;4:54:35
03-8563298;Marylynne;Gowanlock;07/06/1983;Female;Legal;83020;Marylynne_Go.R@consulting.com;NULL;
03-8574195;Breanne;Keming;28/11/1973;Male;Services;90950;Breanne_Ke.H@consulting.com;28/07/2017;17:42:26
03-8658300;Fayth;Danaher;07/12/1979;Female;Training;148268;Fayth_Da.R@consulting.com;NULL;
03-8670660;Sampson;Wandrack;21/08/1970;Male;Support;87678;Sampson_Wa.H@consulting.com;NULL;
03-8822623;Olav;Viccars;25/10/1991;Male;Accounting;68914;Olav_Vi.R@consulting.com;NULL;
03-8848707;Juliet;Garford;26/08/1968;Female;Sales;137435;Juliet_Ga.H@consulting.com;NULL;
03-8942448;Beck;Drewery;16/12/1971;Male;Support;145349;Beck_Dr.H@consulting.com;NULL;
03-9079709;Berkeley;Pagen;11/10/1986;Male;Engineering;143599;Berkeley_Pa.R@consulting.com;NULL;
03-9086109;Caitrin;Robinett;13/03/1969;Male;Business Development;83658;Caitrin_Ro.H@consulting.com;25/04/2028;17:19:15
03-9110050;Wain;Cawley;29/06/1982;Male;Sales;119091;Wain_Ca.H@consulting.com;NULL;
03-9139361;Donal;Redit;30/07/1973;Female;Accounting;100708;Donal_Re.H@consulting.com;09/02/2032;8:23:46
03-9273650;Camile;Canete;15/11/1966;Female;Services;120348;Camile_Ca.H@consulting.com;NULL;
03-9323730;Jethro;Wiggall;16/07/1998;Female;Engineering;136727;Jethro_Wi.H@consulting.com;NULL;
03-9427024;Hervey;Nellis;02/11/1988;Female;Accounting;97327;Hervey_Ne.R@consulting.com;27/02/2013;16:15:47
03-9491277;Alejoa;Knightsbridge;29/12/1995;Female;Services;161847;Alejoa_Kn.H@consulting.com;NULL;
03-9496356;Richmond;Vicioso;24/12/1976;Male;Marketing;110806;Richmond_Vi.R@consulting.com;NULL;
03-9523390;Conway;Walford;04/07/1979;Male;Human Resources;87220;Conway_Wa.H@consulting.com;NULL;
03-9593488;Jillane;Webbe;25/05/1996;Female;Sales;119018;Jillane_We.R@consulting.com;NULL;
03-9648615;Teddie;Davinet;20/10/1973;Male;Engineering;165065;Teddie_Da.H@consulting.com;NULL;
03-9688688;Weylin;Gerin;03/05/1994;Male;Engineering;178779;Weylin_Ge.H@consulting.com;16/01/2005;8:49:31
03-9770134;Sandy;Beebe;02/02/1970;Female;Services;168925;Sandy_Be.R@consulting.com;NULL;
03-9772508;Nadia;Legerton;05/01/1980;Male;Business Development;173990;Nadia_Le.R@consulting.com;NULL;
03-9868932;Marline;Peinke;20/01/2002;Male;Accounting;162012;Marline_Pe.H@consulting.com;NULL;
03-9903741;Sallyanne;Benedtti;25/04/1982;Male;Services;122977;Sallyanne_Be.R@consulting.com;04/07/2017;18:38:50
03-9918758;Wenonah;Idell;24/01/1992;Female;Accounting;134350;Wenonah_Id.R@consulting.com;NULL;
04-0019688;Hugh;MacGinlay;19/01/1980;Female;Engineering;101354;Hugh_Ma.R@consulting.com;NULL;
04-0071334;Dewain;Bennington;12/02/1995;Female;Business Development;180016;Dewain_Be.H@consulting.com;NULL;
04-0115409;Eudora;Camber;04/08/1995;Male;Human Resources;120687;Eudora_Ca.H@consulting.com;NULL;
04-0127689;Karilynn;Terbeck;11/01/1979;Male;Research and Development;154743;Karilynn_Te.R@consulting.com;NULL;
04-0137112;Pancho;Cianelli;24/08/1978;Male;Training;108318;Pancho_Ci.H@consulting.com;NULL;
04-0170050;Matthew;Whines;30/08/1981;Female;Engineering;122773;Matthew_Wh.R@consulting.com;NULL;
04-0287028;Reid;Riccelli;23/09/1969;Male;Accounting;129286;Reid_Ri.R@consulting.com;04/05/2033;13:34:20
04-0458144;Xerxes;Stango;15/03/1984;Male;Services;141654;Xerxes_St.H@consulting.com;NULL;
04-0486141;Zaneta;McKelvey;03/02/1978;Male;Research and Development;184479;Zaneta_Mc.H@consulting.com;21/05/2023;19:28:03
04-0609290;Dorthea;Careswell;09/07/1975;Female;Accounting;149424;Dorthea_Ca.R@consulting.com;NULL;
04-0612394;Luz;Bus;22/05/1982;Female;Services;110787;Luz_Bu.H@consulting.com;NULL;
04-0617554;Waylen;Conley;10/06/1990;Female;Engineering;182103;Waylen_Co.R@consulting.com;NULL;
04-0645125;Daphne;de Cullip;02/04/1979;Male;Accounting;146897;Daphne_de.R@consulting.com;NULL;
04-0724749;Tomkin;Gives;19/11/1999;Female;Services;115496;Tomkin_Gi.H@consulting.com;NULL;
04-0790659;Leora;Rippingall;14/02/2001;Male;Accounting;94945;Leora_Ri.R@consulting.com;NULL;
04-0875007;Kimbell;Dibner;13/01/2000;Female;Sales;87622;Kimbell_Di.H@consulting.com;NULL;
04-1000457;Whitman;Little;27/10/1999;Male;Services;132815;Whitman_Li.R@consulting.com;13/02/2029;0:26:46
04-1119302;Libby;Magnus;03/06/1972;Female;Auditing;137528;Libby_Ma.H@consulting.com;NULL;
04-1160870;Fredericka;Bust;17/08/1997;Female;Training;96470;Fredericka_Bu.H@consulting.com;02/05/2021;0:03:01
04-1286704;Zahara;Annakin;03/03/1976;Male;Business Development;82132;Zahara_An.R@consulting.com;NULL;
04-1323143;Maynord;Burvill;20/11/1996;Male;Engineering;82755;Maynord_Bu.R@consulting.com;NULL;
04-1372525;Lesley;Blowers;07/12/1997;Male;Human Resources;82927;Lesley_Bl.R@consulting.com;NULL;
04-1374177;Kendell;Cooksley;25/11/1972;Male;Engineering;161696;Kendell_Co.R@consulting.com;NULL;
04-1411959;Ellsworth;Stickins;26/03/1972;Female;Engineering;158247;Ellsworth_St.H@consulting.com;NULL;
04-1436193;Karla;Braney;03/04/1983;Female;Accounting;122107;Karla_Br.R@consulting.com;10/09/2018;3:53:07
04-1517613;Teodoor;Pedgrift;11/06/2002;Female;Engineering;154630;Teodoor_Pe.R@consulting.com;10/05/2010;5:48:25
04-1633134;Karalynn;Liptrot;24/05/1966;Male;Engineering;144334;Karalynn_Li.H@consulting.com;20/08/2012;3:07:34
04-1721497;Antonia;Hallyburton;27/02/2002;Female;Engineering;171005;Antonia_Ha.R@consulting.com;NULL;
04-1746693;Gail;Adacot;19/08/1983;Female;Human Resources;128757;Gail_Ad.H@consulting.com;NULL;
04-1788055;Stanfield;Sandhill;09/11/1971;Male;Sales;87531;Stanfield_Sa.R@consulting.com;NULL;
04-1818200;Jewell;Stigers;14/12/1987;Female;Research and Development;107731;Jewell_St.R@consulting.com;NULL;
04-1837197;Durand;Osmon;02/12/2001;Female;Human Resources;111651;Durand_Os.R@consulting.com;NULL;
04-1846467;Georgy;Snailham;28/05/1970;Female;Services;115618;Georgy_Sn.H@consulting.com;25/02/2020;4:02:35
04-1871859;Denys;Jozwicki;05/08/2001;Female;Accounting;110185;Denys_Jo.H@consulting.com;NULL;
04-1923412;Cahra;Goodfellowe;05/10/2000;Male;Business Development;142626;Cahra_Go.R@consulting.com;NULL;
04-1935901;Davine;Shickle;24/02/2000;Male;Engineering;103170;Davine_Sh.R@consulting.com;NULL;
04-1943845;Novelia;Gregory;15/09/1990;Female;Human Resources;145617;Novelia_Gr.R@consulting.com;NULL;
04-1956562;Winn;Burgis;10/02/1992;Male;Engineering;76125;Winn_Bu.R@consulting.com;NULL;
04-1988024;Adams;Schwandermann;21/09/1997;Female;Support;68557;Adams_Sc.H@consulting.com;NULL;
04-2016958;Arne;Olekhov;01/06/2002;Female;Engineering;175951;Arne_Ol.H@consulting.com;NULL;
04-2217131;Gerome;Woolsey;30/04/1968;Male;Support;69767;Gerome_Wo.H@consulting.com;NULL;
04-2502697;Abdul;Baxster;16/03/1989;Male;Services;142826;Abdul_Ba.H@consulting.com;NULL;
04-2503836;Berky;Franek;10/06/1976;Male;Human Resources;126523;Berky_Fr.H@consulting.com;15/06/2031;6:21:31
04-2559661;Benji;Lilburne;18/12/1970;Male;Marketing;138260;Benji_Li.R@consulting.com;NULL;
04-2578689;Ciro;Byford;03/03/1968;Male;Business Development;107081;Ciro_By.H@consulting.com;28/08/2005;15:20:14
04-2618469;Emilie;Parlott;06/05/1980;Male;Engineering;102313;Emilie_Pa.H@consulting.com;NULL;
04-2654803;Angelica;Hutchinson;21/07/1988;Female;Business Development;109904;Angelica_Hu.R@consulting.com;NULL;
04-2669440;Belva;Howard;01/10/1990;Female;Engineering;157120;Belva_Ho.R@consulting.com;NULL;
04-2717361;Melitta;Sictornes;12/02/1986;Female;Engineering;180247;Melitta_Si.R@consulting.com;NULL;
04-2743367;Gleda;Tingcomb;04/05/1982;Male;Support;174389;Gleda_Ti.H@consulting.com;01/08/2028;1:04:27
04-2949941;Elisha;D'Onisi;09/09/2000;Male;Accounting;137641;Elisha_D'.H@consulting.com;NULL;
04-3018897;Steward;Matheson;29/11/1973;Male;Research and Development;84156;Steward_Ma.H@consulting.com;27/10/2021;11:39:17
04-3041766;Conney;Boice;07/08/1971;Female;Business Development;137117;Conney_Bo.H@consulting.com;NULL;
04-3121457;Dewain;Sheryn;18/06/1993;Male;Engineering;134920;Dewain_Sh.R@consulting.com;NULL;
04-3294525;Tracee;Tregoning;03/09/1998;Female;Human Resources;177536;Tracee_Tr.R@consulting.com;NULL;
04-3311629;Kailey;Eick;26/10/1976;Male;Engineering;80677;Kailey_Ei.H@consulting.com;NULL;
04-3339181;Marthe;Cardenoso;04/03/2001;Male;Training;166630;Marthe_Ca.R@consulting.com;NULL;
04-3438253;Murdoch;Karran;13/05/1970;Female;Product Management;95680;Murdoch_Ka.H@consulting.com;20/01/2027;17:27:39
04-3494381;Ermin;Neachell;24/01/1984;Male;Sales;81463;Ermin_Ne.R@consulting.com;NULL;
04-3638607;Ardelis;Hartill;25/02/1994;Male;Support;96241;Ardelis_Ha.H@consulting.com;16/10/2029;14:36:19
04-3693859;Garth;Laughton;20/01/1999;Male;Legal;118061;Garth_La.R@consulting.com;NULL;
04-3725112;Maurita;Spino;10/03/1970;Female;Engineering;178723;Maurita_Sp.R@consulting.com;10/01/2008;19:51:24
04-3868074;Elmer;Aviss;16/05/1979;Male;Human Resources;88697;Elmer_Av.R@consulting.com;21/03/2025;2:53:51
04-4001420;Kordula;Enrique;04/03/1999;Female;Sales;111766;Kordula_En.H@consulting.com;NULL;
04-4059376;Levin;Rosenfeld;12/08/1988;Male;Engineering;149109;Levin_Ro.R@consulting.com;25/02/2021;13:43:01
04-4191796;Nanci;Maevela;05/11/1970;Female;Sales;85242;Nanci_Ma.H@consulting.com;NULL;
04-4214287;Rickie;Strelitzki;25/04/1977;Male;Engineering;164684;Rickie_St.H@consulting.com;NULL;
04-4219018;Abigail;Kordova;10/06/1976;Male;Business Development;68455;Abigail_Ko.R@consulting.com;NULL;
04-4268745;Aldus;Hue;03/01/1980;Female;Engineering;150336;Aldus_Hu.R@consulting.com;NULL;
04-4276662;Ashlen;Kleisle;22/07/1993;Male;Engineering;94934;Ashlen_Kl.R@consulting.com;NULL;
04-4365552;Zandra;Semaine;31/03/2002;Female;Engineering;124513;Zandra_Se.R@consulting.com;NULL;
04-4427497;Kalie;Hamsley;12/04/1970;Male;Engineering;166340;Kalie_Ha.R@consulting.com;NULL;
04-4432591;Mitchael;Kilpin;06/03/1984;Female;Accounting;145044;Mitchael_Ki.R@consulting.com;NULL;
04-4433754;Erskine;Kunkler;10/10/2001;Female;Accounting;132574;Erskine_Ku.R@consulting.com;NULL;
04-4464846;Eloisa;Colafate;18/05/1988;Male;Engineering;132753;Eloisa_Co.H@consulting.com;17/03/2021;10:43:01
04-4479364;Barron;Zannelli;08/07/1978;Male;Engineering;162417;Barron_Za.H@consulting.com;NULL;
04-4546187;Rosmunda;Slack;17/08/1980;Male;Sales;176029;Rosmunda_Sl.R@consulting.com;NULL;
04-4554597;Theresa;Imlaw;16/05/1977;Female;Engineering;114869;Theresa_Im.H@consulting.com;NULL;
04-4651229;Magda;Divina;14/01/1973;Male;Engineering;142300;Magda_Di.R@consulting.com;NULL;
04-4671409;Sawyer;Braunds;11/04/1971;Female;Business Development;80294;Sawyer_Br.H@consulting.com;18/08/2013;21:29:29
04-4750324;Luther;Dedenham;11/04/1977;Male;Human Resources;173446;Luther_De.H@consulting.com;NULL;
04-5001304;Sadella;Colcutt;06/10/1991;Female;Training;124335;Sadella_Co.R@consulting.com;NULL;
04-5004960;Allianora;Hardage;15/01/1994;Male;Human Resources;133422;Allianora_Ha.H@consulting.com;NULL;
04-5047920;Kelby;Rycroft;25/03/1971;Male;Legal;164713;Kelby_Ry.H@consulting.com;NULL;
04-5106789;Hartwell;Bercher;06/06/1981;Male;Product Management;162982;Hartwell_Be.H@consulting.com;NULL;
04-5137134;Kira;Gilling;11/02/1970;Female;Engineering;172758;Kira_Gi.H@consulting.com;NULL;
